url,isBad
https://naknaturalsalud.com/wp-content/boa/boa/fin.php,TRUE
https://artistdizayn.com/wp-content/onedrive.live.com/onedrive.live.com/google.com.php,TRUE
https://feenixlanguage.com/jog/index.php,TRUE
http://printlogz.com/ee/index.php,TRUE
https://printlogz.com/ee/index.php,TRUE
https://www.dropbox.com/s/zc66pq3jh78k8wb/Covid-19%20Urgent%20P=,TRUE
bbuseruploads.s3.amazonaws.com/104135c8-133c-4a89-ae9f-f6838cfe8a62/downloads/f6e21e94-5f72-456b-a3e2-1806a3e791b1/install.exe?Signature=GdovHV2TOZjRgUCaP,TRUE
https://drive.google.com/u/0/uc?id=13gftG-zSJhExbO8ayuHpyjbc5yWnAKI1&export=download,TRUE
https://feenixlanguage.com/han/index.php,TRUE
http://feenixlanguage.com/jog/index.php,TRUE
bitbucket.org/updates22989/1920/downloads/install.exe,TRUE
tiny.cc/updcovid19,TRUE
0.tcp.ngrok.io/_Z4GsE-DPOW1jrSP6_udWQy5CCet6,TRUE
https://bitbucket.org/verify19/update19/downloads/setup_pr.exe,TRUE
peacelist.ignorelist.com:8808,TRUE
peacelist.ignorelist.com:5505,TRUE
http://lxj.vvn.mybluehost.me/YAS24.exe,TRUE
peacelist.ignorelist.com:7707,TRUE
https://tokoonlinebaru.com/co/index.php,TRUE
drive.google.com/uc?export=download&id=1-3eL1BmTw2pn_784wH-zSNGKVTkdUKc7,TRUE
onedrive.live.com/download?cid=1491235303209D1A&resid=1491235303209D1A!110&authkey=ANMnaSOUfZFA6LQ,TRUE
tks.enzacurrenti.com,TRUE
https://artistdizayn.com/wp-content/onedrive.live.com/onedrive.live.com/Interim%20Guidance%20for%20CoViD19.zip,TRUE
https://naknaturalsalud.com/doc/index.php,TRUE
https://tiny.cc/w81hlz,TRUE
http://printlogz.com/ee,TRUE
https://hpindl.com/fe/index.php,TRUE
http://hpindl.com/fe,TRUE
https://expertproject34.ru/covid/COVID-19.jar,TRUE
https://sportscambo.com/sisa/index.php,TRUE
https://cscic.fundashonaltonpaas.org/cm/index.php,TRUE
https://soikeobongdahomnay.com/Ham/index.php,TRUE
http://motivation.neighboring.site/01/index.php,TRUE
http://172.21.64.45/nc.ps1,TRUE
crack.relaxationcards.com0,TRUE
eagleeyeapparels.com,TRUE
mail.eagleeyeapparels.com,TRUE
http://ypsmko.com,TRUE
https://pastebin.com/zg6rz6qt,TRUE
https://pastebin.com/gk8qrfac,TRUE
dating4sex.us,TRUE
perfectdating.us,TRUE
mail.coronavirusapp.site,TRUE
coronavirusapp.dating4sex.us,TRUE
coronavirusapp.site,TRUE
dating4free.us,TRUE
redditdating.us,TRUE
www.corona-virus-map.com,TRUE
http://coronavirusstatus.space/,TRUE
https://share.dmca.gripe/juuwpw6onwl1wkux.bin,TRUE
alphacoronavirusvaccine.com,TRUE
cdc-coronavirus.com,TRUE
combatcorona.com,TRUE
acccorona.com,TRUE
beatingcorona.com,TRUE
bestcorona.com,TRUE
corona-explained.com,TRUE
betacoronavirusvaccine.com,TRUE
contra-coronavirus.com,TRUE
byebyecoronavirus.com,TRUE
coronadatabase.com,TRUE
https://recoverrryasitalycovid-19.xyz/over,TRUE
coronadetection.com,TRUE
corona-armored.com,TRUE
coronadetect.com,TRUE
anticoronaproducts.com,TRUE
corona-emergency.com,TRUE
buycoronavirusfacemasks.com,TRUE
coronadeathpool.com,TRUE
corona-iran.com,TRUE
corona-crisis.com,TRUE
http://rekenjura.com/qw8.exe,TRUE
http://gulf-builders.com/yas25.exe,TRUE
http://customscripts.us/yas22.exe,TRUE
email.gov.in.maildrive.email/?att=1581914657,TRUE
email.gov.in.maildrive.email/?att=1579160420,TRUE
https://bitbucket.org/example123321/download/downloads/foldingathomeapp.exe,TRUE
https://185.234.73.125/wmb03o/wx9u79.php,TRUE
http://kbfvzoboss.bid/alien/fre.php,TRUE
insiderppe.cloudapp.net,TRUE
https://45.128.134.14/c821al/vc2tmy.php?h=m2&j=ffd38fb8&l=nqdpde@@nqdpde@@fd1hvy@@*192.168.0.136%3a%3a%5b00000003%5d%20intel%28r,TRUE
wisecleaner.best,TRUE
http://trynda.zyz/file1.exe,TRUE
http://trynda.zyz/file2.exe,TRUE
http://198.23.200.241/~power13/.xoiaspxo/fre.php,TRUE
compdate.my03.com,TRUE
wy.adyboh.com,TRUE
dw.adyboh.com,TRUE
jocoly.esvnpe.com,TRUE
feb.kkooppt.com,TRUE
bmy.hqoohoa.com,TRUE
wind.windmilldrops.com,TRUE
hXXp://coronavirus-guidelines.online,TRUE
hXXp://coronavirus0012.000webhostapp.com/,TRUE
hXXp://coronavirus2020covid-19.000webhostapp.com/,TRUE
hXXp://coronaviruscovid19-information.com/en/corona.apk,TRUE
hXXp://coronaviruscovid19-information.com/it/corona.apk,TRUE
hXXp://coronavirusnepal10.000webhostapp.com:443/,TRUE
hXXp://coronavirusnepal16.000webhostapp.com/,TRUE
hXXp://coronavirusnepal7.000webhostapp.com/,TRUE
hXXp://coronavirustest.ru/,TRUE
hXXp://drunkwhitekids.com/wordpress/wp-includes/theme-compat/coronavirus/,TRUE
hXXp://nepalcoronavirus2.000webhostapp.com/,TRUE
hXXp://raymondne.buzz:443/COVID-19PRECAUTIONS/toda/office.php,TRUE
hXXp://toyswithpizzazz.com.au/service/coronavirus,TRUE
hXXp://zep0de.com/COVID-19.zip,TRUE
hXXps://advancedaesthetics.ch/fkja/coronavirusutm.sourceutm.mediumcampaigncoronaemailUniquea51c1d067cfe4e6696ca8147b,TRUE
b3c5d90.26sourceImagePreview.html,TRUE
hXXps://advancedaesthetics.ch/fkja/coronavirusutm.sourceutm.mediumcampaigncoronaemailuniquea51c1d067cfe4e6696ca8147bb,TRUE
3c5d90.26sourceimagepreview.html,TRUE
hXXps://artistsemerge.com/wp-content/uploads/2020/03/COVID-19-Edmonton-EXPO-Centre.pdf,TRUE
hXXps://coronavirus-apps.com/Vodafone5G.apk,TRUE
hXXps://coronavirus-guidelines.online,TRUE
hXXps://coronaviruscovid19-information.com/en/corona.apk,TRUE
hXXps://coronavirusnews.000webhostapp.com/,TRUE
hXXps://covid-19-gov.com/,TRUE
hXXps://doc-04-0o-docs.googleusercontent.com/docs/securesc/ha0ro937gcuc7l7deffksulhg5h7mbp1/1hjk9rmokjhrpsgh12gh711foi0,TRUE
tu5np/1584187950000/09946001811984126290/*/1GO7MRAhS5UTWGgRLOpfaZ3G8Z4Tk4lsE?e=download,TRUE
hXXps://doc-04-0o-docs.googleusercontent.com/docs/securesc/ha0ro937gcuc7l7deffksulhg5h7mbp1/56hhsqrb7gr8067pisugfho7mv,TRUE
ja5mgh/1584342600000/09946001811984126290/*/1GO7MRAhS5UTWGgRLOpfaZ3G8Z4Tk4lsE?e=download,TRUE
hXXps://doc-04-0o-docs.googleusercontent.com/docs/securesc/ha0ro937gcuc7l7deffksulhg5h7mbp1/87q8inc0afa0ih7h5s1qhh3t3f,TRUE
moj8rf/1584396825000/09946001811984126290/*/1GO7MRAhS5UTWGgRLOpfaZ3G8Z4Tk4lsE?e=download,TRUE
hXXps://doc-04-0o-docs.googleusercontent.com/docs/securesc/ha0ro937gcuc7l7deffksulhg5h7mbp1/pgnbaf2bpjd5c41vn75sa579er,TRUE
ngbj53/1584188100000/09946001811984126290/*/1GO7MRAhS5UTWGgRLOpfaZ3G8Z4Tk4lsE?e=download,TRUE
hXXps://doc-14-8c-docs.googleusercontent.com/docs/securesc/1vp243hhra78t2dlf8110dcmt24kubik/24ba8i3akpb4s7cp0vplero1k00,TRUE
q5hl7/1584188175000/09946001811984126290/09038140346718502119Z/1GO7MRAhS5UTWGgRLOpfaZ3G8Z4Tk4lsE?e=downl,TRUE
oad&nonce=h2q638a7q02qq&user=09038140346718502119Z&hash=ep2373bbif93j5mafcnjs0ednoun9h6o,TRUE
hXXps://kampcbation.info/COVID-19/,TRUE
hXXps://nepalcoronavirus2.000webhostapp.com/,TRUE
hXXps://raymondne.buzz/COVID-19PRECAUTIONS/,TRUE
bur.vueleslie.com,TRUE
hXXps://toyswithpizzazz.com.au/service/coronavirus/,TRUE
googlecoornavirus.com,TRUE
googlexoronavirus.com,TRUE
googlecoronaviras.com,TRUE
coronavirusstatus.space,TRUE
googlecoronaviru.com,TRUE
coronavirus-traker.en.aptoide.com,TRUE
googlecoronvirus.com,TRUE
googlecoronavirys.com,TRUE
googlecoronavieus.com,TRUE
googlecroonavirus.com,TRUE
googlecorobavirus.com,TRUE
coronavirus.dc.gov,TRUE
covid19japan.com,TRUE
coronavirus-realtime.com,TRUE
coronavirus.app,TRUE
coronavirus-map.com,TRUE
api.covid-19.health.gov.lk,TRUE
coronavirus.zone,TRUE
coronavirus.netfunnel.co.kr,TRUE
coronavirus-monitor.ru,TRUE
coronavir.ru,TRUE
finland-coronavirus-map.netlify.com,TRUE
www.coronavirus.app,TRUE
servicios.coronavirus.gub.uy,TRUE
www.info-coronavirus.be,TRUE
micronekcovid19.blob.core.windows.net,TRUE
pikcovid19.ciamiskab.go.id,TRUE
coronavirus-monitor.p.rapidapi.com,TRUE
anticovid19.pythonanywhere.com,TRUE
covid19.min-saude.pt,TRUE
covid-19.narino.gov.co,TRUE
coronavirus.marinhhs.org,TRUE
coronavirus-eba7a.firebaseio.com,TRUE
covid-19-lk-dev.firebaseio.com,TRUE
coronavirus-statistics-710b6.firebaseio.com,TRUE
covid19-fb3d9.firebaseio.com,TRUE
covid-19-6538f.firebaseio.com,TRUE
coronavirus-53337.firebaseio.com,TRUE
covid19-italia-5fc0c.firebaseio.com,TRUE
covid19cz.firebaseio.com,TRUE
coronavirus-54646.firebaseio.com,TRUE
covid19-dd7f7.firebaseio.com,TRUE
coronavirus-a600f.firebaseio.com,TRUE
coronavirus-44a93.firebaseio.com,TRUE
coronavirusmap-eb48d.firebaseio.com,TRUE
flutter-covid19.firebaseio.com,TRUE
coronavirus-tracker-21f1d.firebaseio.com,TRUE
coronavirus-statistics-783ff.firebaseio.com,TRUE
coronavirus-d526b.firebaseio.com,TRUE
coronavirus-266714.firebaseio.com,TRUE
covid19map-269302.firebaseio.com,TRUE
covid-19-app.firebaseio.com,TRUE
coronavirus-3ffb2.firebaseio.com,TRUE
coronavirus-app-bf0e2.firebaseio.com,TRUE
coronavirus-d9a66.firebaseio.com,TRUE
covid-19-healthlynked.firebaseio.com,TRUE
covid19-99fe6.firebaseio.com,TRUE
covid-19-live-news-statistics.firebaseio.com,TRUE
covid-19-e9057.firebaseio.com,TRUE
wuhancoronavirustracker-693c1.firebaseio.com,TRUE
coronavirus.oss-accelerate.aliyuncs.com,TRUE
coronavirus-daily-status.firebaseio.com,TRUE
coronavirus-2019.firebaseio.com,TRUE
coronavirus-alert.firebaseio.com,TRUE
covid19-a71d9.firebaseio.com,TRUE
coronavirus-protection-6d180.firebaseio.com,TRUE
online-coronavirus-268608.firebaseio.com,TRUE
coronavirus-status.s3.eu-central-1.amazonaws.com,TRUE
coronavirus-tracker-api.herokuapp.com,TRUE
coronaviruskordero.azurewebsites.net,TRUE
covid19.egreen.io,TRUE
checkupcovid19.jatimprov.go.id,TRUE
infocovid19.jatimprov.go.id,TRUE
covid19dev.jatimprov.go.id,TRUE
getcoronavirusalert.com,TRUE
coronavirusaware.xyz,TRUE
statistichecoronavirus.it,TRUE
covid19.tfone.ir,TRUE
www.coronavirus.uy,TRUE
coronavirusecuador.com,TRUE
coronaviruscovid19-informationp.com,TRUE
coronavirus-monitor.com,TRUE
api.covid19algeria.com,TRUE
coronaviruss.ir,TRUE
canalcero.digital,TRUE
uk-covid-19-relieve.com,TRUE
coronavirus.epidemixs.org,TRUE
bbuseruploads.s3.amazonaws.com/104135c8-133c-4a89-ae9f-f6838cfe8a62/downloads/f6e21e94-5f72-456b-a3e2-1806a3e791b1,TRUE
mail.lepta.website,TRUE
kasimovschmuck.hopto.org/sgpzp.dot,TRUE
www.emailonlinechase.com,TRUE
bitbucket.org/whoupd/s1/downloads/covid19informer_s.exe,TRUE
tiny.cc/whoupd1,TRUE
pruebaremc.duckdns.org:1010 #Part of APT36 and not directly connected to purpose of this IOC list.,TRUE
pruebaremc.duckdns.org #Part of APT36 and not directly connected to purpose of this IOC list.,TRUE
covid19.site/update.exe,TRUE
antiviruscorona.icu,TRUE
anticoronaviruspro.icu,TRUE
coronaclean.icu,TRUE
coronasolve.xyz,TRUE
coronaviras.rest,TRUE
cutt.ly/MtbRJGC,TRUE
tiny.cc/updae2312,TRUE
sbjadvogados.com.br,TRUE
goleankieuoanh.com/wp-readmeis.php,TRUE
mohanlakshmipathy.com/COVID-19.doc,TRUE
getegroup.com/file.exe,TRUE
iny.cc/updae2312,TRUE
goldenlion.sg,TRUE
goldenlion.sg/blacky2/hQFMCdSYQ81nUlp.exe,TRUE
goldenlion.sg/blacky2/QcxbDp400Ajfdiy.exe,TRUE
topeshop.pl/modules/pscleaner/common/i35vs/download/onedrive-D9/,TRUE
https://billgatefoundations.com,TRUE
billgatefoundations.com,TRUE
gatesfoundation.top,TRUE
gatesfonudation.org,TRUE
uk-covid-19-relieve.com UK,TRUE
api.covid-19.health.gov.lk ,TRUE
coronavirus.utah.getcoronavirusalert,TRUE
coronavirus.dc.gov ,TRUE
coronavirus.netfunnel.co.kr S,TRUE
covid19japan.com ,TRUE
checkupcovid19.jatimprov.go.id  ,TRUE
pikcovid19.ciamiskab.go.id ,TRUE
covid19dev.jatimprov.go.id ,TRUE
infocovid19.jatimprov.go.id ,TRUE
www.info-coronavirus.be ,TRUE
statistichecoronavirus.it ,TRUE
servicios.coronavirus.gub.uy ,TRUE
www.coronavirus.uy ,TRUE
coronaviruss.ir ,TRUE
covid19.tfone.ir ,TRUE
coronavir.ru ,TRUE
api.covid19algeria.com ,TRUE
coronavirusecuador.com ,TRUE
pastebin.com/raw/zsygnqrc,TRUE
,TRUE
#Google-Themed from IBM X-Force:,TRUE
googlecoornavirus.com ,TRUE
googlecorobavirus.com ,TRUE
googlecoronavieus.com ,TRUE
googlecoronaviras.com ,TRUE
googlexoronavirus.com ,TRUE
googlecoronaviru.com ,TRUE
googlecoronavirys.com ,TRUE
googlecoronsvirus.com ,TRUE
googlecoronvirus.com ,TRUE
googlecroonavirus.com ,TRUE
#other:,TRUE
coronavirus.epidemixs.org ,TRUE
coronavirus-mask.com ,TRUE
#Microsoft Update Themed:,TRUE
#Tracking / Maps themed CoronaVirus,TRUE
coronavirus.app ,TRUE
www.coronavirus.app ,TRUE
coronavirus.netfunnel.co.kr ,TRUE
coronavirus-monitor.com ,TRUE
coronavirus-map.com ,TRUE
coronavirus-monitor.ru ,TRUE
coronavirusaware.xyz ,TRUE
coronaviruscovid19-informationp.com ,TRUE
coronavirusstatus.space ,TRUE
coronavirus-monitor.p.rapidapi.com ,TRUE
canalcero.digital ,TRUE
coronavirus.zone ,TRUE
finland-coronavirus-map.netlify.com ,TRUE
coronavirus.marinhhs.org ,TRUE
anticovid19.pythonanywhere.com ,TRUE
#Tracking, Map:,TRUE
coronavirus-traker.en.aptoide.com ,TRUE
coronavirus-realtime.com ,TRUE
getcoronavirusalert.com ,TRUE
#Egreen:,TRUE
covid19.egreen.io ,TRUE
#Alibaba Cloud:,TRUE
coronavirus.oss-accelerate.aliyuncs.com ,TRUE
#Microsoft's Azure:,TRUE
coronaviruskordero.azurewebsites.net ,TRUE
#Heroku:,TRUE
coronavirus-tracker-api.herokuapp.com ,TRUE
#Amazon's AWS:,TRUE
coronavirus-status.s3.eu-central-1.amazonaws.com ,TRUE
#Firebase:,TRUE
covid19-99fe6.firebaseio.com ,TRUE
coronavirus-eba7a.firebaseio.com ,TRUE
coronavirus-2019.firebaseio.com ,TRUE
coronavirus-54646.firebaseio.com ,TRUE
coronavirus-44a93.firebaseio.com ,TRUE
coronavirus-protection-6d180.firebaseio.com ,TRUE
coronavirus-d526b.firebaseio.com ,TRUE
coronavirus-266714.firebaseio.com ,TRUE
covid-19-e9057.firebaseio.com ,TRUE
covid19-dd7f7.firebaseio.com ,TRUE
covid-19-healthlynked.firebaseio.com ,TRUE
coronavirus-statistics-710b6.firebaseio.com ,TRUE
covid-19-6538f.firebaseio.com ,TRUE
coronavirus-3ffb2.firebaseio.com ,TRUE
coronavirus-alert.firebaseio.com ,TRUE
coronavirus-a600f.firebaseio.com ,TRUE
coronavirusmap-eb48d.firebaseio.com ,TRUE
coronavirus-d9a66.firebaseio.com ,TRUE
flutter-covid19.firebaseio.com ,TRUE
covid-19-live-news-statistics.firebaseio.com ,TRUE
covid-19-app.firebaseio.com ,TRUE
covid19-a71d9.firebaseio.com ,TRUE
covid19map-269302.firebaseio.com ,TRUE
wuhancoronavirustracker-693c1.firebaseio.com ,TRUE
online-coronavirus-268608.firebaseio.com ,TRUE
covid19-fb3d9.firebaseio.com ,TRUE
coronavirus-53337.firebaseio.com ,TRUE
covid-19-lk-dev.firebaseio.com ,TRUE
coronavirus-tracker-21f1d.firebaseio.com ,TRUE
coronavirus-app-bf0e2.firebaseio.com ,TRUE
covid19cz.firebaseio.com ,TRUE
coronavirus-statistics-783ff.firebaseio.com ,TRUE
covid19-italia-5fc0c.firebaseio.com ,TRUE
hmrc-cov19.payment.estrodev.com         #This one was found in text messages in th UK.,TRUE
www.hmrc-cov19.payment.estrodev.com ,TRUE
hmrc-cov19.payment.estrodev.com ,TRUE
www.hmrc.corona-pay.estrodev.com ,TRUE
hmrc.corona-pay.estrodev.com ,TRUE
keylock.ad.estrodev.com ,TRUE
www.keylock.ad.estrodev.com ,TRUE
coronapayments.estrodev.com ,TRUE
www.coronapayments.estrodev.com ,TRUE
cov-19.payment2020.estrodev.com ,TRUE
www.cov-19.payment2020.estrodev.com ,TRUE
cov19-payment.estrodev.com ,TRUE
www.cov19-payment.estrodev.com ,TRUE
www.refund.cov19.bdpanec.binary-dev-hosting.com ,TRUE
refund.cov19.bdpanec.binary-dev-hosting.com,TRUE
drive.google.com/uc?export=download&id=15SHNM45oBh2I6s3GaIoEDnPi3FcRKwfv,TRUE
drive.google.com/uc?export=download&id=1WXba3aoRms0M-l57k8edc8vT6AZCSbL_,TRUE
drive.google.com/uc?export=download&id=1I3-QE3XQb9dQ-fv5zzfZ9bFlufyhwxJr,TRUE
onedrive.live.com/download?cid=2F6D9FC711AAA2AC&resid=2F6D9FC711AAA2AC%21122&authkey=AOfsne4m5DENzuc,TRUE
marchadvertisingnetwork4.com/post.php,TRUE
covid30466.duckdns.org,TRUE
kasimovschmuck.hopto.org/ybfiq.dot,TRUE
samp304.quor8.com,TRUE
bslines.xyz/copy/five/fre.php,TRUE
www.ktalents.com.my,TRUE
academydea.com/alhaji/Panel/five/fre.php,TRUE
nganyin-my.com/chief6/five/fre.php,TRUE
brendacharks.com/Broken/fre.php,TRUE
http://corona-apps.com/Corona-Apps.apk,TRUE
https://corona-apps.com/,TRUE
shrespects.com ,TRUE
http://corona-apps.com/,TRUE
http://url4510.cdchealth.org,TRUE
cdchealth.org,TRUE
easydatatransfercleansystemprofessional.duckdns.org,TRUE
rplg.co/0b592cf0,TRUE
is.gd/NGmMla,TRUE
onlinevozvratx2-xeobir.aagxw.xyz/account,TRUE
nahb2m8.jp,TRUE
web2912.web04.bero-webspace.de/mijn.ing/,TRUE
coronaviruscovid19-informationp[.]com,TRUE
f444[.]top,TRUE
F444[.]xyz,TRUE
Fil24[.]xyz,TRUE
coronavirusstatus[.]space,TRUE
coronavirus-map[.]com,TRUE
canalcero[.]digital,TRUE
coronavirus[.]zone,TRUE
coronavirus-realtime[.]com,TRUE
coronavirus[.]app,TRUE
coronavirusaware[.]xyz,TRUE
demolishcoronavirus[.]com,TRUE
holdmycorona[.]com,TRUE
howtostopcorona[.]com,TRUE
coronavirusracism[.]com,TRUE
newcoronababy[.]com,TRUE
coronafinancialhardship[.]com,TRUE
elcoronalive[.]com,TRUE
initiative-gegen-corona[.]com,TRUE
initiativegegencenconon[.]com,TRUE
ikillcorona[.]com,TRUE
corona-virushoax[.]com,TRUE
askcorona[.]com,TRUE
coronavirusdisaster[.]com,TRUE
coronavirus-vac[.]com,TRUE
coronavirus2019vaccine[.]com,TRUE
mycoronarisk[.]com,TRUE
mapadocoronavirus[.]com,TRUE
coronavirusgohome[.]com,TRUE
coronawashhands[.]com,TRUE
comoprevenirelcoronavirus[.]com,TRUE
mycoronas[.]com,TRUE
corona-connect[.]com,TRUE
coronavirus-oregon[.]com,TRUE
coronainfoupdate[.]com,TRUE
ifightcorona[.]com,TRUE
coronavirith[.]com,TRUE
coronavirusnomore[.]com,TRUE
coronafreeevents[.]com,TRUE
corona-viruslawsuit[.]com,TRUE
coronavirus-ventilator[.]com,TRUE
covercoronavirus[.]com,TRUE
lawsuitcoronavirus[.]com,TRUE
coronavirusvaccineus[.]com,TRUE
thankscorona[.]com,TRUE
hybridcoronastrain[.]com,TRUE
coronavirusriots[.]com,TRUE
coronatracker2020[.]com,TRUE
coronavirus-guru[.]com,TRUE
fuckingcorona[.]com,TRUE
coronavirus-sanfrancisco[.]com,TRUE
coronahp[.]com,TRUE
coronavirus-southkorea[.]com,TRUE
coronalitevirus[.]com,TRUE
getcoronavirusassistance[.]com,TRUE
coronavirusbusinessrelief[.]com,TRUE
stopcorona[.]com,TRUE
loveinthetimeofthecoronavirus[.]com,TRUE
coronavirussurvivalsystem[.]com,TRUE
coronaconcious[.]com,TRUE
coronavirushiv[.]com,TRUE
corona-coaching[.]com,TRUE
coronaviruskirkland[.]com,TRUE
coronavirustestinglocation[.]com,TRUE
coronavirusfundingbailout[.]com,TRUE
coronavirus-louisiana[.]com,TRUE
watchcorona[.]com,TRUE
coronapocalypse666[.]com,TRUE
mycoronajournal[.]com,TRUE
coronaimmunesupport[.]com,TRUE
coronatraveladvice[.]com,TRUE
goiglecoronavirus[.]com,TRUE
googlecoronavvirus[.]com,TRUE
googlecoronavirua[.]com,TRUE
coronacleaningcontractor[.]com,TRUE
coronavirusdeclassified[.]com,TRUE
coronavirusvr[.]com,TRUE
googlecoronavirs[.]com,TRUE
thecoronatimes[.]com,TRUE
googlecoronavius[.]com,TRUE
coronavirusupdateusa[.]com,TRUE
googlecoronaviru[.]com,TRUE
coronavirusfinancialrelief[.]com,TRUE
coronauprising[.]com,TRUE
coronazappers[.]com,TRUE
vaccincorona[.]com,TRUE
fightcorona-virus[.]com,TRUE
googlecoronacirus[.]com,TRUE
goolgecoronavirus[.]com,TRUE
uelcontracoronavirus[.]com,TRUE
testmycorona[.]com,TRUE
coronavisrus[.]com,TRUE
coronababyusa[.]com,TRUE
coronasoup[.]com,TRUE
viruscoronanews[.]com,TRUE
healthforcorona[.]com,TRUE
coronabreak2020[.]com,TRUE
coronavital[.]com,TRUE
coronatonics[.]com,TRUE
coronavirus-ai[.]com,TRUE
coronanewshub[.]com,TRUE
coronavirusassistant[.]com,TRUE
coronavirus-pledge[.]com,TRUE
coronaviresnewnow[.]com,TRUE
reikicoronavirus[.]com,TRUE
iwouldratherodthandieofcoronavirus[.]com,TRUE
coronavirusfighterstore[.]com,TRUE
iwouldratherdieofcoronavirusthangotodetroit[.]com,TRUE
coronanny[.]com,TRUE
coronavirusstatisticsandinformation[.]com,TRUE
coronarecipes[.]com,TRUE
coronacleanupcrew[.]com,TRUE
coronadaisycarnival[.]com,TRUE
coronavirusremede[.]com,TRUE
seattlecoronasurvivor[.]com,TRUE
coronatoolkit[.]com,TRUE
shutdowncorona[.]com,TRUE
coronabirusnewsnow[.]com,TRUE
ddscorona[.]com,TRUE
coronafile[.]com,TRUE
coronahelpdirectory[.]com,TRUE
coronavirusjesus[.]com,TRUE
coronavirusnewsnnow[.]com,TRUE
coronagirusnewsnow[.]com,TRUE
coronavirusconsultation[.]com,TRUE
ithinkihavethecoronavirus[.]com,TRUE
nycoronalawyers[.]com,TRUE
coronavirussecure[.]com,TRUE
nycoronalaw[.]com,TRUE
coronafundme[.]com,TRUE
coronavirusmaskreview[.]com,TRUE
coronagen[.]com,TRUE
coronavirustestingnow[.]com,TRUE
churchandcoronavirus[.]com,TRUE
corona-mart[.]com,TRUE
coronavirusnewspakistan[.]com,TRUE
coronavirusfastclean[.]com,TRUE
mycoronavirusclaim[.]com,TRUE
corona-virussupport[.]com,TRUE
coronakillclock[.]com,TRUE
coronasicknesstreatment[.]com,TRUE
coronavirushelpcenters[.]com,TRUE
phongdichcorona[.]com,TRUE
coronabuzz[.]com,TRUE
coronaviruspatientobservation[.]com,TRUE
mauicoronaupdate[.]com,TRUE
coronavirus-what-to-buy[.]com,TRUE
coronavirus-19news[.]com,TRUE
coronavirustrumps[.]com,TRUE
sportsandcorona[.]com,TRUE
coronavirus19disclosure[.]com,TRUE
coronavirustheend[.]com,TRUE
studentloancoronavirus[.]com,TRUE
coronavirus19reports[.]com,TRUE
driveincoronavirustesting[.]com,TRUE
thecoronachronicles[.]com,TRUE
studentloanscoronavirus[.]com,TRUE
coronavirusaisafetysolution[.]com,TRUE
coronaviruspandemicusa[.]com,TRUE
coronavirusremotepatientobservation[.]com,TRUE
feliciascoronatagebuch[.]com,TRUE
coronavirusrelieffund[.]com,TRUE
coronavirus112[.]com,TRUE
coronacaequipment[.]com,TRUE
coronapetit[.]com,TRUE
coronacage[.]com,TRUE
chateaucorona[.]com,TRUE
norwegiancoronavirusscam[.]com,TRUE
coronaproterctor[.]com,TRUE
coronavirusoutbreaktees[.]com,TRUE
coronabrightside[.]com,TRUE
khmercorona[.]com,TRUE
coronakenya[.]com,TRUE
coronavirussurvivorsdiaries[.]com,TRUE
thecoronavirussurvivorsdiaries[.]com,TRUE
masks-for-corona-virus[.]com,TRUE
coronavirus-franchise[.]com,TRUE
thecoronavirusdiaries[.]com,TRUE
coronavirussurvivordiaries[.]com,TRUE
thecoronavirussurvivordiaries[.]com,TRUE
viralcoronapneumonia[.]com,TRUE
coronavirus-hero[.]com,TRUE
coronaviralpneumonia[.]com,TRUE
coronavirusen[.]com,TRUE
coronapic[.]com,TRUE
freecoronavirusoffer[.]com,TRUE
coronavirusmedicene[.]com,TRUE
coronaviruscleans[.]com,TRUE
coronafighting[.]com,TRUE
coronamicrobe[.]com,TRUE
coronaita[.]com,TRUE
prevencioncoronavirus[.]com,TRUE
coronaofficial[.]com,TRUE
coronavirus-selfisolation[.]com,TRUE
redshirtcorona[.]com,TRUE
barcoronareal[.]com,TRUE
pisosygrescorona[.]com,TRUE
ayudas-coronavirus[.]com,TRUE
coronavirus-remotely[.]com,TRUE
coronaherbalmask[.]com,TRUE
coronaclass2020[.]com,TRUE
casoscoronavirus[.]com,TRUE
coronacruisers[.]com,TRUE
coronahealthcheck[.]com,TRUE
coronavirusefacts[.]com,TRUE
corona-attacks[.]com,TRUE
coronavirusdidnotkillme[.]com,TRUE
corona-virus-test-kits[.]com,TRUE
coronatestfinder[.]com,TRUE
corona-report[.]com,TRUE
the-corona-diaries[.]com,TRUE
cookingthroughcorona[.]com,TRUE
coronahealthsupply[.]com,TRUE
stopcoronavirusaragon[.]com,TRUE
coronaviruspreventionbundle[.]com,TRUE
coronavirustweets[.]com,TRUE
coronavgifts[.]com,TRUE
coronavirushealthguide[.]com,TRUE
desinfectercoronavirus[.]com,TRUE
coronasmith[.]com,TRUE
coronarules[.]com,TRUE
coronadelco[.]com,TRUE
coronaviruscomms[.]com,TRUE
veiligcorona[.]com,TRUE
coronamontco[.]com,TRUE
coronabucks[.]com,TRUE
coronamaskz[.]com,TRUE
coronaviruscleanercalifornia[.]com,TRUE
coronacompare[.]com,TRUE
hopewhilecorona[.]com,TRUE
luchacontracoronavirus[.]com,TRUE
coronavirusutah[.]com,TRUE
coronadeathmadness[.]com,TRUE
canlicorona[.]com,TRUE
howmanypeoplewilldiefromcoronavirus[.]com,TRUE
mycorona19safemask[.]com,TRUE
corona-unternehmenshilfe[.]com,TRUE
coronavirgins[.]com,TRUE
coronapotion[.]com,TRUE
coronadrones[.]com,TRUE
coronaescapes[.]com,TRUE
coronacancer[.]com,TRUE
coronamapa[.]com,TRUE
coronapandemicstore[.]com,TRUE
coronaviews[.]com,TRUE
mapacorona[.]com,TRUE
coronavirus-pharmaceuticals[.]com,TRUE
coronaholistic[.]com,TRUE
iamcoronafree[.]com,TRUE
coronavirusresponseact[.]com,TRUE
coronahomegym[.]com,TRUE
coronavirus-info-chatbot[.]com,TRUE
coronavirus-com[.]com,TRUE
coronafactbot[.]com,TRUE
coronavirus-latest-update[.]com,TRUE
corona-virustv[.]com,TRUE
service-corona[.]com,TRUE
worldvscorona[.]com,TRUE
coronaviruscovid19-information[.]com,TRUE
corona-weltuntergang[.]com,TRUE
preventcoronavirus19[.]com,TRUE
officialcoronavirus19[.]com,TRUE
coronabolona[.]com,TRUE
resistiendoalcoronavirus[.]com,TRUE
coronabulletproof[.]com,TRUE
sanantoniocorona[.]com,TRUE
desinfection-coronavirus[.]com,TRUE
wecleanupcoronavirus[.]com,TRUE
coronavirus-symptoms[.]com,TRUE
coronavirus-treatments[.]com,TRUE
coronavirustreatments[.]com,TRUE
corona-hotspots[.]com,TRUE
austincorona[.]com,TRUE
coronavirus-vaccine[.]com,TRUE
coronawehelp[.]com,TRUE
corona-we-help[.]com,TRUE
nocorona2020[.]com,TRUE
coronaincomeloss[.]com,TRUE
coronaperks[.]com,TRUE
corona19labtesting[.]com,TRUE
fxcorona[.]com,TRUE
coronavirusprotectivewear[.]com,TRUE
corona-map-data[.]com,TRUE
lavageautomobilecoronavirus[.]com,TRUE
coronavirusforeclosure[.]com,TRUE
coronavd19[.]com,TRUE
shaham-corona[.]com,TRUE
stickitcorona[.]com,TRUE
coronalb[.]com,TRUE
just-corona-bro[.]com,TRUE
keepawaycoronavirus[.]com,TRUE
coronavirusandyourhomesale[.]com,TRUE
corona-19virustestkit[.]com,TRUE
coronavirusshoppingmall[.]com,TRUE
corona-boom[.]com,TRUE
coronavirus-dr[.]com,TRUE
coronaswan[.]com,TRUE
coronavirus-lb[.]com,TRUE
coronaaftermath[.]com,TRUE
coronavirusprotectionmask[.]com,TRUE
postcoronaworld[.]com,TRUE
americapostcorona[.]com,TRUE
coronavirus-ppe[.]com,TRUE
coronaviruscooking[.]com,TRUE
imacoronababy[.]com,TRUE
thenextcorona[.]com,TRUE
coronavirusymptoms[.]com,TRUE
survivorsofcorona[.]com,TRUE
novelcoronavirusinfo[.]com,TRUE
coronashoppingmall[.]com,TRUE
worldaidagainstcorona[.]com,TRUE
emerycoronatestkit[.]com,TRUE
coronavirushelptest[.]com,TRUE
world-coronavirus[.]com,TRUE
thecoronahelp[.]com,TRUE
corona-beratung[.]com,TRUE
coronapreneur[.]com,TRUE
quehacerencuarentenaporcoronavirus[.]com,TRUE
mycoronatruth[.]com,TRUE
coronatruths[.]com,TRUE
corona-anwaelte[.]com,TRUE
coronavirus-oubreak[.]com,TRUE
coronavaccinenews[.]com,TRUE
corona-folgen[.]com,TRUE
coronavirusvaccinetrial[.]com,TRUE
coronastopers[.]com,TRUE
coronaviruscleaningmontreal[.]com,TRUE
coronakampf[.]com,TRUE
coronavirusdiseasedailyupdates[.]com,TRUE
coronajamaica[.]com,TRUE
coronavirusautotest[.]com,TRUE
coronavirusforkids[.]com,TRUE
coronatini[.]com,TRUE
coronavirusgovernmentrelief[.]com,TRUE
coronaviruspracticeupdate[.]com,TRUE
turkiyedecorona[.]com,TRUE
sliderscoronas[.]com,TRUE
coronakickstarter[.]com,TRUE
countrycorona[.]com,TRUE
coronavirusww[.]com,TRUE
healthcorona[.]com,TRUE
corona-aktuell[.]com,TRUE
thecoronavirusspreads[.]com,TRUE
coronavirus-tipps[.]com,TRUE
coronavirusdestroyer[.]com,TRUE
snfcoronavirusupdate[.]com,TRUE
coronavirusforgyms[.]com,TRUE
felipeydanielacoronado[.]com,TRUE
corona-virus-recession[.]com,TRUE
coronavirusvshousekeeping[.]com,TRUE
coronasmallbizassist[.]com,TRUE
askaboutcorona[.]com,TRUE
killthecoronavirusclothing[.]com,TRUE
coronarightnow[.]com,TRUE
coronavirusfired[.]com,TRUE
coronavirusng[.]com,TRUE
novelcoronavirus2019[.]com,TRUE
corona-credit[.]com,TRUE
coronaisleofman[.]com,TRUE
coronavirusemploymentresources[.]com,TRUE
fantcoronaes[.]com,TRUE
coronavirusemployment[.]com,TRUE
coronahits[.]com,TRUE
iamthecoronavirus[.]com,TRUE
coronavirusvaccineprogress[.]com,TRUE
coronavirusclosingsnys[.]com,TRUE
coronacarecard[.]com,TRUE
coronavirusathometesting[.]com,TRUE
coronavirusclosingsny[.]com,TRUE
coronacountrymap[.]com,TRUE
coronaidconcert[.]com,TRUE
coronavirusrefugee[.]com,TRUE
coronaidlive[.]com,TRUE
yocogicoronavirus[.]com,TRUE
theanticorona[.]com,TRUE
coronavirusdisinfectantsupply[.]com,TRUE
coronatestingcenter[.]com,TRUE
coronavirus5k[.]com,TRUE
coronaviruswatchlist[.]com,TRUE
coronadelmarluxury[.]com,TRUE
coronavid19cleaners[.]com,TRUE
coronaaway[.]com,TRUE
coronavirusisolationkit[.]com,TRUE
coronavirusinfomap[.]com,TRUE
coronacruiselawyers[.]com,TRUE
chroniccorona[.]com,TRUE
coronaviruscruiselawyers[.]com,TRUE
coronaviruscruiselawyer[.]com,TRUE
coronapublication[.]com,TRUE
coronacopia[.]com,TRUE
cheapcorona[.]com,TRUE
pratacorona[.]com,TRUE
coronaclassattorney[.]com,TRUE
coronavirustesterfinders[.]com,TRUE
coronavirusfreesummer[.]com,TRUE
coronavirus-maps[.]com,TRUE
chatbotcoronavirus[.]com,TRUE
anticoronavirusgh[.]com,TRUE
anticoronavirusghana[.]com,TRUE
nbacoronavirus[.]com,TRUE
coronavirusvacaville[.]com,TRUE
coronavirus-emergency-kit[.]com,TRUE
coronaviruscenters[.]com,TRUE
corona-hilfe[.]com,TRUE
coronavirus-products[.]com,TRUE
coronavirus-live-updates[.]com,TRUE
coronavimmune[.]com,TRUE
coronaviruscongress[.]com,TRUE
coronatility[.]com,TRUE
coronavirusnc[.]com,TRUE
homecoronatesting[.]com,TRUE
goodaftercorona[.]com,TRUE
corona-compare[.]com,TRUE
antiviruscoronacovid[.]com,TRUE
bestcoronatest[.]com,TRUE
coronaviruscasesintheus[.]com,TRUE
notcoronavirusnews[.]com,TRUE
antiviruscoronacovid19[.]com,TRUE
coronavir20[.]com,TRUE
coronablessing[.]com,TRUE
fastcoronatest[.]com,TRUE
bintangcorona[.]com,TRUE
coronavirusfaith[.]com,TRUE
coronacasasenventa[.]com,TRUE
coronarealestatehomesforsale[.]com,TRUE
inhomecoronatest[.]com,TRUE
corona-soforthilfe[.]com,TRUE
coronacease[.]com,TRUE
thecoronacourse[.]com,TRUE
coronavirussystem[.]com,TRUE
coronadisruption[.]com,TRUE
coronacontrolshop[.]com,TRUE
coronamalta[.]com,TRUE
corona-heroes[.]com,TRUE
nacerentiemposdelcoronavirus[.]com,TRUE
newcoronavirustest[.]com,TRUE
coronaantiviruss[.]com,TRUE
diycoronatest[.]com,TRUE
startupsagainstcorona[.]com,TRUE
fightcoronavirus[.]com,TRUE
corona-defence[.]com,TRUE
coronavirus-helpline[.]com,TRUE
startupsagainstcoronavirus[.]com,TRUE
c19corona[.]com,TRUE
coronaviruslawscalifornia[.]com,TRUE
coronavirusezprevention[.]com,TRUE
letsfightcorona[.]com,TRUE
fightvscorona[.]com,TRUE
corona-virus-world[.]com,TRUE
coronaclarity[.]com,TRUE
corona-rettungsschirm[.]com,TRUE
coronainsider[.]com,TRUE
coronavirusdivorce[.]com,TRUE
injurycoronavirus[.]com,TRUE
fuckingwuhancoronavirus[.]com,TRUE
shouldercoronavirus[.]com,TRUE
coronaholic[.]com,TRUE
togetherwithcoronavirus[.]com,TRUE
corona-face-mask[.]com,TRUE
anticoronavirustienda[.]com,TRUE
coronaviruscool[.]com,TRUE
findcoronatest[.]com,TRUE
coronaviruslegale[.]com,TRUE
coronajob[.]com,TRUE
togetherwithcorona[.]com,TRUE
coronaclassrooms[.]com,TRUE
anticoronaviral[.]com,TRUE
corona-virus-masque[.]com,TRUE
coronacruiseclaims[.]com,TRUE
coronaviruspandemicsymptoms[.]com,TRUE
coronasafeusa[.]com,TRUE
coronavirus-face-mask[.]com,TRUE
coronavirusavvocati[.]com,TRUE
coronavirusfacemaskprotector[.]com,TRUE
getcheckedforcoronavirus[.]com,TRUE
mycoronapatch[.]com,TRUE
coronaontzorgt[.]com,TRUE
corona-bremen[.]com,TRUE
coronacrafts[.]com,TRUE
coronavirus-work-from-home[.]com,TRUE
coronavirussurvivals[.]com,TRUE
coronaviruschinamarket[.]com,TRUE
samedaycorona[.]com,TRUE
coronavirusdentistry[.]com,TRUE
games4coronavirus[.]com,TRUE
corona-saarland[.]com,TRUE
coronavirusresponders[.]com,TRUE
coronavirusdao[.]com,TRUE
coronahosts[.]com,TRUE
coronavirusorthodontics[.]com,TRUE
challengewithcorona[.]com,TRUE
fucoronavirusshirt[.]com,TRUE
coronavirustogether[.]com,TRUE
lovetravelcorona[.]com,TRUE
hopeinthetimeofcorona[.]com,TRUE
coronavirus-whattodo[.]com,TRUE
coronavirustestnearme[.]com,TRUE
corona-man[.]com,TRUE
coronavirusshirtco[.]com,TRUE
coronaempathyhotline[.]com,TRUE
coronavirus5minutemdconsult[.]com,TRUE
athomewithcorona[.]com,TRUE
metacorona[.]com,TRUE
coronavirust-shirts[.]com,TRUE
mobilecoronatesting[.]com,TRUE
coronavirus-podcast[.]com,TRUE
coronadefensejobs[.]com,TRUE
corona-ai[.]com,TRUE
coronaviruspandemiccure[.]com,TRUE
coronavirusactnow[.]com,TRUE
caterersvscoronavirus[.]com,TRUE
coronabeat[.]com,TRUE
coronaginger[.]com,TRUE
justcoronavirus[.]com,TRUE
coronaviruscureclinic[.]com,TRUE
dichviruscorona[.]com,TRUE
coronafior[.]com,TRUE
chinawuhancoronavirus[.]com,TRUE
coronavirusbabys[.]com,TRUE
jahemerahcorona[.]com,TRUE
coronahazmatsuits[.]com,TRUE
corona-rechtsanwalt[.]com,TRUE
aboutcoronaviruses[.]com,TRUE
2020coronaoutbreak[.]com,TRUE
yourcoronavirustest[.]com,TRUE
coronavirusandmask[.]com,TRUE
coronacoffeenyc[.]com,TRUE
thecoronavirusmovie[.]com,TRUE
coronaviruscuretreatment[.]com,TRUE
coronavirusmysterys[.]com,TRUE
coronavirus-drivethrough[.]com,TRUE
bloginthetimeofcorona[.]com,TRUE
fedcoronaassistance[.]com,TRUE
igotthethecoronablues[.]com,TRUE
coronacureblog[.]com,TRUE
coronavirustestguidelines[.]com,TRUE
coronamyths[.]com,TRUE
fedcoronarelief[.]com,TRUE
federalcoronarelief[.]com,TRUE
coronafedassistance[.]com,TRUE
coronagigs[.]com,TRUE
coronabi[.]com,TRUE
corona-virus-attorney[.]com,TRUE
coronasprayersandmisters[.]com,TRUE
diagnosecorona[.]com,TRUE
overcomecoronavirusnow[.]com,TRUE
keepsafefromcoronavirus[.]com,TRUE
corona-viruslaw[.]com,TRUE
coronavirushomeinternet[.]com,TRUE
coronanewborn[.]com,TRUE
coronavirushealthclinic[.]com,TRUE
betoncoronavirus[.]com,TRUE
coronavirusfuneralsnyc[.]com,TRUE
coronasbaby[.]com,TRUE
anticoronaservice[.]com,TRUE
coronavirusonlinehelp[.]com,TRUE
coronaworkout[.]com,TRUE
coronavirushelpvirtual[.]com,TRUE
coronaemploymentsolution[.]com,TRUE
coronavirusmedicalclinics[.]com,TRUE
isurvivedcoronavirustshirts[.]com,TRUE
coronaimpactnyc[.]com,TRUE
coronareliefchicago[.]com,TRUE
withcorona[.]com,TRUE
coronavirustelecare[.]com,TRUE
masque-corona-virus[.]com,TRUE
corona-stats[.]com,TRUE
prevenir-coronavirus[.]com,TRUE
coronanotifications[.]com,TRUE
coronavirus-homeschool[.]com,TRUE
coronaviruswalknyc[.]com,TRUE
coronavirusviral[.]com,TRUE
coronavirussticker[.]com,TRUE
coronavirusmyeloma[.]com,TRUE
coronavirustestusa[.]com,TRUE
360corona[.]com,TRUE
coronafordays[.]com,TRUE
coronavirusimpactlondon[.]com,TRUE
coronavirussupplyshopping[.]com,TRUE
instacoronavirus[.]com,TRUE
corona-travels[.]com,TRUE
mycoronastatus[.]com,TRUE
insuranceclaimcoronavirus[.]com,TRUE
claimcoronavirus[.]com,TRUE
coronavirus-services[.]com,TRUE
yacorona[.]com,TRUE
coronaandcancer[.]com,TRUE
factsnotfearcoronavirus[.]com,TRUE
coronavirusfacials[.]com,TRUE
coronavirus-tee[.]com,TRUE
factsnotfearcorona[.]com,TRUE
coronahut[.]com,TRUE
coronavirusyopal[.]com,TRUE
coronavirus-baby[.]com,TRUE
coronahilfmittel[.]com,TRUE
coronahilfspaket[.]com,TRUE
coronaviruslawyerusa[.]com,TRUE
coronavacances[.]com,TRUE
coronaspreadtest[.]com,TRUE
johncoronacovid[.]com,TRUE
coronaviruswalknewyork[.]com,TRUE
coronahomeschool[.]com,TRUE
workfromhomecorona[.]com,TRUE
kn95forcoronavirus[.]com,TRUE
whattobuyforcoronavirus[.]com,TRUE
coronaretirement[.]com,TRUE
bestcoronamasks[.]com,TRUE
instacorona[.]com,TRUE
problemilegalicoronavirus[.]com,TRUE
coronamakeoverchallenge[.]com,TRUE
coronababyboomer[.]com,TRUE
2020coronageddon[.]com,TRUE
coronavirusgameplan[.]com,TRUE
finlandcoronavirus[.]com,TRUE
uscoronavirusresources[.]com,TRUE
coronavirustestkitamerica[.]com,TRUE
coronavirusquestionaire[.]com,TRUE
coronacateringusa[.]com,TRUE
hyphycoronavirus[.]com,TRUE
corona-spread-test[.]com,TRUE
exterminatecoronavirus[.]com,TRUE
coronavirusrun[.]com,TRUE
coronattire[.]com,TRUE
coronavirus-hospital[.]com,TRUE
coronavirusheatmap[.]com,TRUE
coronaround[.]com,TRUE
coronavirusupdateus[.]com,TRUE
masks-for-coronavirus[.]com,TRUE
deepcleancoronavirus[.]com,TRUE
sanitizeragainstcoronavirus[.]com,TRUE
coronaseliypau[.]com,TRUE
joyascorona[.]com,TRUE
coronawebdamowa[.]com,TRUE
decoronation[.]com,TRUE
childcarecorona[.]com,TRUE
availablecoronatest[.]com,TRUE
coronavirustestinglocations[.]com,TRUE
puertasyventanascoronado[.]com,TRUE
coronavirustestdallas[.]com,TRUE
fuckthecorona[.]com,TRUE
coronavirustestdfw[.]com,TRUE
uscoronafacts[.]com,TRUE
stiricoronavirus[.]com,TRUE
survivecoronavirusfinancially[.]com,TRUE
coronaheadmasterfootball[.]com,TRUE
coronatexsas[.]com,TRUE
playacoronadorental[.]com,TRUE
corona5[.]com,TRUE
corona115[.]com,TRUE
coronavirusultimahora[.]com,TRUE
corona-virus-latest-update[.]com,TRUE
coronamaskprotection[.]com,TRUE
photoscoronado[.]com,TRUE
coronascuba[.]com,TRUE
coronavirus-live-update[.]com,TRUE
coronater[.]com,TRUE
coronafighter[.]com,TRUE
zincorona[.]com,TRUE
coronavirusdataonline[.]com,TRUE
coronavirus-hotline[.]com,TRUE
coronaknowledge[.]com,TRUE
coronanumbers[.]com,TRUE
coronafall[.]com,TRUE
directcoronavirus[.]com,TRUE
vencealcoronavirus[.]com,TRUE
corona-virus-france[.]com,TRUE
coronavirusupdatenews[.]com,TRUE
carecoronavirus[.]com,TRUE
coronavirusinjuries[.]com,TRUE
coronafirewall[.]com,TRUE
coronavirus-hometest[.]com,TRUE
coronasafebiz[.]com,TRUE
coronavirusbroward[.]com,TRUE
viagracorona[.]com,TRUE
corona-masque[.]com,TRUE
coronabra[.]com,TRUE
paracorona[.]com,TRUE
coronacuretracker[.]com,TRUE
coronakilledthenhl[.]com,TRUE
coronavirustestingcenter[.]com,TRUE
coronavirustestingla[.]com,TRUE
severeacuterespiratorysyndromecoronavirus2[.]com,TRUE
prayformecoronavirus[.]com,TRUE
coronacleanllc[.]com,TRUE
coronavirusthreats[.]com,TRUE
bidencoronavirus[.]com,TRUE
coronainvaders[.]com,TRUE
leadingintheageofcoronavirus[.]com,TRUE
coronavirustestca[.]com,TRUE
thecoronaviruswebsite[.]com,TRUE
samedaycoronavirustesting[.]com,TRUE
bcorona[.]com,TRUE
corona4president[.]com,TRUE
defenseagainstcorona[.]com,TRUE
coronafromhome[.]com,TRUE
howthecoronabeginning[.]com,TRUE
uvcorona[.]com,TRUE
mapadelcoronavirus[.]com,TRUE
anticoronaherbal[.]com,TRUE
thecoronaattorneys[.]com,TRUE
coronazikadisease[.]com,TRUE
1stcoronatest[.]com,TRUE
postcoronaamerica[.]com,TRUE
coronavirusfactsandfears[.]com,TRUE
conquer-coronavirus[.]com,TRUE
thecoronaviruslawfirm[.]com,TRUE
thecoronalawyers[.]com,TRUE
onlinecoronavirustelemedicine[.]com,TRUE
coronavirusvids[.]com,TRUE
diagnostic-coronavirus[.]com,TRUE
coronaisreal[.]com,TRUE
coronazon[.]com,TRUE
coronacandle[.]com,TRUE
coronaviruspandemicupdate[.]com,TRUE
coronaviruscondition[.]com,TRUE
coronastem[.]com,TRUE
coronavirustestflorida[.]com,TRUE
mycoronalawfirm[.]com,TRUE
coronaineurope[.]com,TRUE
coronavirusexpertsecrets[.]com,TRUE
prevenciondelcoronavirus[.]com,TRUE
coronafobi[.]com,TRUE
coronalawattorney[.]com,TRUE
stopcoronarivus[.]com,TRUE
coronavupdates[.]com,TRUE
coronaclean4u[.]com,TRUE
coronasupplychain[.]com,TRUE
ibuycoronavirushouses[.]com,TRUE
onestopcoronashop[.]com,TRUE
coronasbaloan[.]com,TRUE
coronateleworking[.]com,TRUE
forcoronavirustesting[.]com,TRUE
forcoronavirustestkits[.]com,TRUE
cazacoronavirus[.]com,TRUE
testathomecoronavirus[.]com,TRUE
coronashopper[.]com,TRUE
zcorona[.]com,TRUE
gocoronavirustest[.]com,TRUE
prayercoronavirus[.]com,TRUE
clearcorona[.]com,TRUE
survivorcoronavirus2020[.]com,TRUE
coronaviruspersonalinjuries[.]com,TRUE
wesurvivedcoronavirus2020[.]com,TRUE
coronatestingnow[.]com,TRUE
findcoronavirustest[.]com,TRUE
coronavirusclothes[.]com,TRUE
usacovid-19coronavirus[.]com,TRUE
coronavirus-loans[.]com,TRUE
coronareset[.]com,TRUE
coronawidow[.]com,TRUE
certifiedcoronavirustrainer[.]com,TRUE
survivedcoronavirus2020[.]com,TRUE
real-corona-virus[.]com,TRUE
coronavirusprayergroup[.]com,TRUE
worldcoronavirusresistance[.]com,TRUE
floridacoronavirussolutions[.]com,TRUE
wewillsurvivecoronavirus[.]com,TRUE
corona-craft[.]com,TRUE
coronavirusloses[.]com,TRUE
coloradocoronamedicalsupplies[.]com,TRUE
coronavirusdietplan[.]com,TRUE
anticoronavirusdrugs[.]com,TRUE
cbdforcorona[.]com,TRUE
coronatomorrow[.]com,TRUE
cocoronavirussupplies[.]com,TRUE
commonsenseandcoronavirus[.]com,TRUE
coronacvs[.]com,TRUE
coronavitaminciv[.]com,TRUE
coronareliefloan[.]com,TRUE
isurvivedthecoronavirustshirt[.]com,TRUE
coronaside[.]com,TRUE
surivecorona[.]com,TRUE
coronatestsites[.]com,TRUE
mapcorona19[.]com,TRUE
coloradocoronavirusservice[.]com,TRUE
elections-and-coronavirus[.]com,TRUE
cdcquickswabtestcoronavirus[.]com,TRUE
coronauni[.]com,TRUE
corona-pharm[.]com,TRUE
vaincrelecorona[.]com,TRUE
coronavirisnewnow[.]com,TRUE
coronavirustestsite[.]com,TRUE
txcorona[.]com,TRUE
coronavirusnewsmap[.]com,TRUE
classofcorona[.]com,TRUE
coronacleancouriers[.]com,TRUE
coronazikaprevention[.]com,TRUE
cocoronacuremedicalsupplies[.]com,TRUE
limpiezas-stopcoronavirus[.]com,TRUE
ivcorona[.]com,TRUE
coronavirusbusinessloans[.]com,TRUE
coronacleaningdocs[.]com,TRUE
coronasteps[.]com,TRUE
coronaviruswebsitenotice[.]com,TRUE
missioncorona[.]com,TRUE
thankscoronavirus[.]com,TRUE
coronavirusnewsnoe[.]com,TRUE
coronaviresnewsnow[.]com,TRUE
coronaampworks[.]com,TRUE
cocoronavirusmedical[.]com,TRUE
coronaviruswhere[.]com,TRUE
coronavirusnewnews[.]com,TRUE
coronavirusreparations[.]com,TRUE
coronavil[.]com,TRUE
losmexicanosinmunesalcoronavirus[.]com,TRUE
asapcoronavirus[.]com,TRUE
coronavirusnotice[.]com,TRUE
corona-cannabis[.]com,TRUE
coronasessionsnola[.]com,TRUE
coronacleaningco[.]com,TRUE
flcoronavirussolutions[.]com,TRUE
curecoronavirustoday[.]com,TRUE
anticoronavirusmovie[.]com,TRUE
abccoronavirus[.]com,TRUE
coronachild[.]com,TRUE
coronavirus-sba[.]com,TRUE
elamorenlostiemposdelcorona[.]com,TRUE
coronafreewater[.]com,TRUE
corona19survivor[.]com,TRUE
fvck-corona[.]com,TRUE
corona19test[.]com,TRUE
coronavirusbusinessclaims[.]com,TRUE
coronaestimate[.]com,TRUE
acoronaviruscure[.]com,TRUE
novelcoronavirustestingkit[.]com,TRUE
coronavirusiv[.]com,TRUE
coronavirusdecontaminate[.]com,TRUE
corona-cases[.]com,TRUE
coronadont[.]com,TRUE
novelcoronavirusworldtour2020[.]com,TRUE
solucionescoronavirus[.]com,TRUE
coronavirusmadeinchina[.]com,TRUE
quicktestcoronavirus[.]com,TRUE
coronaviruscbus[.]com,TRUE
safecoronasex[.]com,TRUE
coronaroom[.]com,TRUE
coronavirusgossip[.]com,TRUE
coronavirusprhelp[.]com,TRUE
coronavirus3[.]com,TRUE
howtodefeatcoronavirus[.]com,TRUE
coronavirustestclinic[.]com,TRUE
coronavolunteers[.]com,TRUE
corona-kriese[.]com,TRUE
corona-survivors[.]com,TRUE
coronashoppingguide[.]com,TRUE
coronacleanssanitizer[.]com,TRUE
coronaffair[.]com,TRUE
clobberthecorona[.]com,TRUE
gegen-corona[.]com,TRUE
notgetcoronavirus[.]com,TRUE
mycoronacation[.]com,TRUE
coronavirusya[.]com,TRUE
coronavirusinuk[.]com,TRUE
coronavirusinfonow[.]com,TRUE
coronavirushealthhelp[.]com,TRUE
corona-vital[.]com,TRUE
usacoronavirustesting[.]com,TRUE
coronaviruscureuk[.]com,TRUE
hashtagcorona[.]com,TRUE
bbkcoronavirus[.]com,TRUE
coronascale[.]com,TRUE
coronavirusart[.]com,TRUE
coronatestsearch[.]com,TRUE
coronavirustestingmap[.]com,TRUE
combatingcoronaviruspodcast[.]com,TRUE
coronadistancing[.]com,TRUE
corona-israel[.]com,TRUE
coronavirusdiaryfilm[.]com,TRUE
coronamance[.]com,TRUE
coronavirusboca[.]com,TRUE
coronaviruslies[.]com,TRUE
coronavirus19update[.]com,TRUE
mitigatecorona[.]com,TRUE
coronavirusbuyersguide[.]com,TRUE
xn--coronanios-09a[.]com,TRUE
coronavirus2020updates[.]com,TRUE
coronagenaration[.]com,TRUE
coronaconomy[.]com,TRUE
northerncoronagrief[.]com,TRUE
coronaclothfacemasks[.]com,TRUE
coronawashablefacemask[.]com,TRUE
coronaclysm[.]com,TRUE
finlandcoronastats[.]com,TRUE
coronavirusbat[.]com,TRUE
coronawashablefacemasks[.]com,TRUE
coronastamps[.]com,TRUE
coronalifeline[.]com,TRUE
chinesecoronavirus2020[.]com,TRUE
corona10[.]com,TRUE
cookingforcorona[.]com,TRUE
battagliacoronavirus[.]com,TRUE
coronarunner[.]com,TRUE
corona-insovenz[.]com,TRUE
coronavirusheroes[.]com,TRUE
coronavirusselfhelp[.]com,TRUE
coronacuts[.]com,TRUE
coronaials[.]com,TRUE
coronavirusupdatecdn[.]com,TRUE
coronavirusarabic[.]com,TRUE
coronamadrid[.]com,TRUE
killcorona19[.]com,TRUE
coronavirii[.]com,TRUE
closed4corona[.]com,TRUE
corona-meinestadt[.]com,TRUE
mobilecoronavirustestingsites[.]com,TRUE
coronavirusfrombat[.]com,TRUE
coronaradiation[.]com,TRUE
buzzcorona[.]com,TRUE
coronadecon[.]com,TRUE
coronavirusdiseasecarnival[.]com,TRUE
gestoriaertescoronavirus[.]com,TRUE
coronatrendbycountry[.]com,TRUE
corona-antworten[.]com,TRUE
coronaton[.]com,TRUE
coronaeliminators[.]com,TRUE
thecoronavirususa[.]com,TRUE
wuhan-coronavirus-survivors[.]com,TRUE
coronacallout[.]com,TRUE
mundocoronavirus[.]com,TRUE
thecoronasessions[.]com,TRUE
corona-homework[.]com,TRUE
corona-homeschooling[.]com,TRUE
figlidelcorona[.]com,TRUE
coronalayoff[.]com,TRUE
coronaclaimhelp[.]com,TRUE
coronamayhem[.]com,TRUE
coronavirustrial[.]com,TRUE
coronareportcenter[.]com,TRUE
lebenmitcorona[.]com,TRUE
corona-answers[.]com,TRUE
coronaviruschoral[.]com,TRUE
thecoronavirus100[.]com,TRUE
screencorona[.]com,TRUE
classactioncoronavirus[.]com,TRUE
coronavets[.]com,TRUE
coronaviruslessons[.]com,TRUE
binghamtoncoronavirus[.]com,TRUE
coronavirusapp[.]site,TRUE
dating4sex[.]us,TRUE
dating4free[.]us,TRUE
perfectdating[.]us,TRUE
redditdating[.]us,TRUE
alphacoronavirusvaccine[.]com,TRUE
anticoronaproducts[.]com,TRUE
beatingcorona[.]com,TRUE
beatingcoronavirus[.]com,TRUE
bestcorona[.]com,TRUE
betacoronavirusvaccine[.]com,TRUE
buycoronavirusfacemasks[.]com,TRUE
byebyecoronavirus[.]com,TRUE
cdc-coronavirus[.]com,TRUE
combatcorona[.]com,TRUE
contra-coronavirus[.]com,TRUE
corona-armored[.]com,TRUE
corona-crisis[.]com,TRUE
corona-emergency[.]com,TRUE
corona-explained[.]com,TRUE
corona-iran[.]com,TRUE
corona-ratgeber[.]com,TRUE
coronadatabase[.]com,TRUE
coronadeathpool[.]com,TRUE
coronadetect[.]com,TRUE
coronadetection[.]com,TRUE
coronavirusmedicalkit[.]com,TRUE
groundsnack[.]icu,TRUE
eagleeyeapparels[.]com,TRUE
corona-masr2[.]com,TRUE
dtipgifts[.]com,TRUE
uk-covid-19-relieve[.]com,TRUE
raymondne[.]buzz,TRUE
footytube[.]top,TRUE
kampcbation[.]info,TRUE
acoer[.]com,TRUE
hxxp://vietnam[.]zing[.]photos:443/update?wd=df07d8ba,TRUE
hxxp://motivation[.]neighboring[.]site/01/index[.]php,TRUE
hxxp://email[.]gov[.]in[.]maildrive[.]email/?att=1579160420,TRUE
hxxp://email[.]gov[.]in[.]maildrive[.]email/?att=1581914657,TRUE
hxxp://mohanlakshmipathy[.]com/COVID-19[.]doc,TRUE
hxxp://64[.]227[.]17[.]38/bins/covid[.]x86,TRUE
hxxp://crack[.]relaxationcards[.]com/health/application/COVID/2019/Covid_19_test_form[.]doc,TRUE
hxxp://tusa[.]mindbodyspiritsydney[.]com/application/health/test/Covid2019/2019_nCoV_Application_Test[.]doc,TRUE
hxxp://tusa[.]mindbodyspiritsydney[.]com/health/application/COVID/2019/Test_COVID_2019[.]doc,TRUE
hxxp://tks[.]enzacurrenti[.]com/application/health/covid2019/test/Test_COVID_2019[.]doc,TRUE
hxxp://tks[.]enzacurrenti[.]com/application/health/covid2019/test/Covid_19_test_form[.]doc,TRUE
hxxp://tks[.]enzacurrenti[.]com/application/health/covid2019/test/Application_19_03_2020_0108837[.]doc,TRUE
hxxp://tks[.]enzacurrenti[.]com/application/health/covid2019/test/Application_1_6_1_0108837[.]doc,TRUE
hxxp://tks[.]enzacurrenti[.]com/application/health/covid2019/test/2019_nCoV_Application_Test[.]doc,TRUE
hxxp://tks[.]enzacurrenti[.]com/application/health/test/Covid2019/times[.]docm,TRUE
hxxp://tks[.]enzacurrenti[.]com/application/health/test/Covid2019/Covid_19_test_form[.]doc,TRUE
hxxp://tks[.]enzacurrenti[.]com/application/health/test/Covid2019/Application_19_03_2020_0108837[.]doc,TRUE
hxxp://tks[.]enzacurrenti[.]com/application/health/test/Covid2019/2019_nCoV_Application_Test[.]doc,TRUE
hxxp://tks[.]enzacurrenti[.]com/application/health/test/Covid2019/Application_1_6_1_0108837[.]doc,TRUE
hxxp://tks[.]enzacurrenti[.]com/application/health/test/Covid2019/Test_COVID_2019[.]doc,TRUE
hxxps://www[.]dropbox[.]com/s/zc66pq3jh78k8wb/Covid-19%20Urgent%20Precaution%20Measures[.][.][.]pdf[.]iso?dl=1,TRUE
hxxp://185[.]242[.]104[.]197/wzjd/Covid19-UPDATE_PDF[.]exe,TRUE
hxxps://corona-virus-map[.]net/data/mapdata[.]jar,TRUE
hxxps://corona-map-data[.]com/bin/regsrtjser346[.]exe,TRUE
hxxps://corona-virus-map[.]net/map[.]jar,TRUE
hxxps://corona-virus-map[.]net/data/map[.]jar,TRUE
hxxp://192[.]3[.]193[.]251/Corona[.]sh,TRUE
hxxp://192[.]3[.]193[.]251/Corona[.]x86_64,TRUE
hxxp://192[.]3[.]193[.]251/Corona[.]sh4,TRUE
hxxp://192[.]3[.]193[.]251/Corona[.]arm7,TRUE
hxxp://192[.]3[.]193[.]251/Corona[.]i686,TRUE
hxxp://192[.]3[.]193[.]251/Corona[.]i586,TRUE
hxxp://192[.]3[.]193[.]251/Corona[.]mips,TRUE
hxxp://192[.]3[.]193[.]251/Corona[.]arm6,TRUE
hxxp://192[.]3[.]193[.]251/Corona[.]m68k,TRUE
hxxp://192[.]3[.]193[.]251/Corona[.]sparc,TRUE
hxxp://192[.]3[.]193[.]251/Corona[.]mipsel,TRUE
hxxp://192[.]3[.]193[.]251/Corona[.]arm5,TRUE
hxxp://192[.]3[.]193[.]251/Corona[.]arm4,TRUE
hxxp://192[.]3[.]193[.]251/Corona[.]ppc,TRUE
hxxp://91[.]234[.]99[.]234/Corona[.]sh,TRUE
hxxp://91[.]234[.]99[.]234/Corona[.]arm7,TRUE
hxxp://91[.]234[.]99[.]234/Corona[.]arm5,TRUE
hxxp://91[.]234[.]99[.]234/Corona[.]arm4,TRUE
hxxp://91[.]234[.]99[.]234/Corona[.]sparc,TRUE
hxxp://91[.]234[.]99[.]234/Corona[.]m68k,TRUE
hxxp://91[.]234[.]99[.]234/Corona[.]i586,TRUE
hxxp://91[.]234[.]99[.]234/Corona[.]ppc,TRUE
hxxp://91[.]234[.]99[.]234/Corona[.]i686,TRUE
hxxp://91[.]234[.]99[.]234/Corona[.]arm6,TRUE
hxxp://91[.]234[.]99[.]234/Corona[.]x86_64,TRUE
hxxp://91[.]234[.]99[.]234/Corona[.]sh4,TRUE
hxxp://91[.]234[.]99[.]234/Corona[.]mipsel,TRUE
hxxp://91[.]234[.]99[.]234/Corona[.]mips,TRUE
hxxps://phamchilong[.]com/22/CORONA,TRUE
hxxp://45[.]32[.]78[.]111/Corn/Calin/Corona[.]exe,TRUE
hxxps://pastebin[.]com/zg6rz6qT,TRUE
hxxps://pastebin[.]com/GK8qrfaC,TRUE
hxxps://recoverrryasitalycovid-19[.]xyz/over,TRUE
hxxps://bitbucket[.]org/example123321/download/downloads/foldingathomeapp[.]exe,TRUE
hxxp://www[.]agt[.]net/~mnpicker/2jgmu9r/h9a6kn[.]html,TRUE
hxxp://adsign[.]lk/wp-admin/tkennedy[.]php?t=[Redacted Base64],TRUE
hxxp://davidrothphotography[.]com/zHzrr,TRUE
hxxps://toyswithpizzazz[.]com[.]au/service/coronavirus,TRUE
hxxp://ypsmKO[.]com,TRUE
hxxp://coronasafetymask[.]tk,TRUE
hxxp://coronavirusapp[.]site/mobile[.]html,,TRUE
hxxp://ambesagar[.]choicegroup[dot]co/cgi-bin/williamlrobertson[.]php?t=VHVlLCAxNyBNYXIgMjAyMCAwMDoxMjo0OCArMDMwMA=,TRUE
hxxps://naturaposadaspa[dot]com[.]ve/covid19/924423a24b28423604ff3c1fb2999d11/?client_id=4345a7b9-9a63-4910-a426-35363201d503&response_mode=form_post&response_type=code+id_token&scope=openid+profile&state=OpenIdConnect[.]AuthenticationProperties%3dYt7-7eyyHeFUM0uYZsfoVtrmWR-ZHK4M_YfvCz6t_0xh5BbufcLwdcwJNuZNClJLaPdPIOOVJ9xw5703gnuqjnqxz4UaW5TQI0gduDMua4HmXHlHaRKE7IVziT-USqs5&nonce=636850646117429778[.]Y2Q5ZDIwM2ItMjY1YS00NDE1LWJlODEtNjUzNTIwMjEzY2YyODEwNThkYzgtMjVkOS00NTBkLTk0Y2QtOTgzMGRhZWZhYzFi&redirect_uri=hxxps%3a%2f%2fwww[.]office[dot]com%2f&ui_locales=en-US&mkt=en-US&sso_reload=true,TRUE
hxxps://u9069481[.]ct[.]sendgrid[dot]net/ls/click?upn=pvoCvCz8YzWH2vugTomxgV2XVA3dQRHf3Rt-2BBgUdAyftcyfxmb6M44PNY9AXhcdORDdY-2B7n4TH8918k4mdYWbWz5J5KYDzxBwQrKr1UjdAATC-2F-2BjZwVfQpn-2B2FWEpe1a0U1zXM3cixbZfxLGf4pHE17UCwQLRKIU3LpP1B1vxdVh-2BfWQkD838NjdY6tmwB5qSdW3_6bXvVXz6vS8zXW9a7hlkxzAMr8GYHDKfXlb6C0J8C8TbTPPCi8KCqQw-2BxI4LGXP03rzcaFdBPuKgOy97gh7NAAiM9YgTDzAARxP-2BTR6CBuZxLsbjqSxIeakWvvYWstOuTV8NkvwdeZLQa-2Fi1do5h5XLhSSvOOyZ6i58wARwVytGykv8DxGGWeLyeXug-2B0bF8RkHp3aAdGYSionCk8WKvhlkdhBx8QnEp-2BDAj7bVRHoJgdDKUX070W0Su9Ok9828p,TRUE
hxxp://onlinepreneur[.]id/manager/brain[.]exe,TRUE
hxxps://corona-masr2[.]com/chase-support[.]wepay[.]com/ChaseClean/Chase%20Clean/login/auth[.]php?country_x=France&amp;locale-8731002x=E?_FR,TRUE
hxxps://corona-masr2[.]com/chase-support[.]wepay[.]com/ChaseClean/Chase%20Clean/login/auth[.]php?country_x=United%20States&amp;locale-8731002x=E?_US,TRUE
hxxps://corona-masr2[.]com/chase-support[.]wepay[.]com/ChaseClean/Chase%20Clean/login/auth[.]php?country_x=France&locale-8731002x=E?_FR,TRUE
hxxps://corona-masr2[.]com/chase-support[.]wepay[.]com/ChaseClean/Chase%20Clean/login/dashboard[.]php,TRUE
hxxps://corona-masr2[.]com/chase-support[.]wepay[.]com/ChaseClean/Chase%20Clean/login,TRUE
hxxps://corona-masr2[.]com/chase-support[.]wepay[.]com/ChaseClean/Chase%20Clean/login/,TRUE
hxxps://corona-masr2[.]com/chase-support[.]wepay[.]com/ChaseClean/Chase%20Clean/login/auth[.]php,TRUE
hxxps://corona-masr2[.]com/chase-support[.]wepay[.]com/ChaseClean/Chase%20Clean/login/auth[.]php?country_x=United%20States&locale-8731002x=E?_US,TRUE
hxxp://covid-19[.]bdtime[.]news/directing/easyweb[.]td[.]com/waw/idp/EasyWebLogin[.]htm,TRUE
hxxp://covid-19[.]bdtime[.]news/directing/www2[.]scotiaonline[.]scotiabank[.]com/online/authentication/index[.]html,TRUE
hxxp://covid-19[.]bdtime[.]news/directing/www2[.]scotiaonline[.]scotiabank[.]com/online/authentication/mfaAuth[.]html,TRUE
hxxp://covid-19[.]bdtime[.]news/directing/www2[.]scotiaonline[.]scotiabank[.]com/online/authentication/confirm[.]php,TRUE
hxxp://covid-19[.]bdtime[.]news/directing/www1[.]royalbank[.]com/cgi-bin/rbaccess/rbunxcgi/ClientSignin[.]htm,TRUE
hxxp://dtipgifts[.]com/E-Transfer/COVID-19/files6546541204/down45640/banks/directing/atbonline/question[.]php,TRUE
hxxp://dtipgifts[.]com/E-Transfer/COVID-19/files6546541204/down45640/banks/directing/atbonline/details[.]php,TRUE
hxxps://uk-covid-19-relieve[.]com,TRUE
hxxps://covid-19[.]bdtime[.]news/directing/www1[.]royalbank[.]com/cgi-bin/rbaccess/rbunxcgi/ClientSignin[.]htm,TRUE
hxxp://covid-19[.]bdtime[.]news/directing/www[.]cibc[.]mobi/ebm-mobile-anp/account[.]php,TRUE
hxxp://covid-19[.]bdtime[.]news/directing/desjardins/identifiantunique/index[.]php,TRUE
hxxp://covid-19[.]bdtime[.]news,TRUE
hxxps://raymondne[.]buzz/COVID-19PRECAUTIONS/,TRUE
hxxp://covid-19[.]bdtime[.]news/directing/www[.]cibc[.]mobi/ebm-mobile-anp/accountConfirm[.]php,TRUE
hxxp://covid-19[.]bdtime[.]news/directing/desjardins/identifiantunique/questions[.]php,TRUE
hxxps://footytube[.]top/admin/covid-19/office365/office365/office365/office365/office365/office365/office365,TRUE
hxxp://www[.]brightparcel[.]com/corona/owa[.]php?e=david[.]carrolo@lidl[.]be,TRUE
hxxps://covid-19-business-continuity-epic-uk-limited[.]azurewebsites[.]net/Corona_Virus_2020/passw[.]php?client_id_redirect_uri=_authenticate_/common/oauth2/authorize_token=9d84bdf0dfc3d870ee7e328eff7d2e597c924200,TRUE
hxxp://07q6zf664zv[.]mceco[.]co,TRUE
hxxps://kampcbation[.]info/COVID-19/,TRUE
hxxps://acoer[.]com/coronavirus,TRUE
hxxps://www[.]brightparcel[.]com/corona/owa[.]php?e=jc@neman-ess[.]com,TRUE
hxxps://site-inspection[.]com/[.]well-known/acme-challenge/w[.]php/9SG2m697HN,TRUE
hxxp://onlinepreneur[.]id/license/love[.]exe,TRUE
hxxps://notmsg[.]smvm[.]xyz/,TRUE
hxxps://toyswithpizzazz[.]com[.]au/service/coronavirus/,TRUE
hxxps://southhillspros[.]com/Rovince/Jelink[.]html,TRUE
hxxps://wusameetings[.]tk/boding/Jelink[.]html,TRUE
hxxps://southhillspros[.]com/citrix/Ward/broward[.]php,TRUE
hxxps://jetluxinc396[.]sharepoint[.]com/:b:/g/ERt-r1ZM6PRGhKdxb6bfZSIBcOX2b0y8snN4fg8f7z22rA,TRUE
hxxps://southhillspros[.]com/citrix/Ward/broward[.]htm,TRUE
hxxps://www[.]scholarcave[.]com/owa/owa[.]php,TRUE
hxxp://www[.]dogogiaphat[.]com/ecdc[.]php,TRUE
hxxps://takemorilaw[.]com/wp-content/micro-update-1-2/,TRUE
hxxp://my[.]pcloud[.]com/publink/show?code=XZO5BWkZjc6l5EBCtnkTYqw2DHqzEBT4LAay,TRUE
hxxps://www[.]schooluniformtrading[.]com[.]au/cdcgov/files/,TRUE
hxxps://gocycle[.]com[.]au/cdcgov/files/,TRUE
hxxps://onthefx[.]com/cd[.]php,TRUE
hxxps://urbanandruraldesign[.]com[.]au/cdcgov/files/,TRUE
hxxps://healing-yui223[.]com/cd[.]php,TRUE
hxxps://www[.]brightparcel[.]com/corona/owa[.]php,TRUE
hxxps://noithatgoocchoav[.]com/cd[.]php,TRUE
hxxp://euromopy[.]tech/etty/black/download/fre[.]php,TRUE
hxxps://drive[.]google[.]com/uc?export=download&id=1V8530tZ-SNHELlaVL4BMQpJrRU2DBPSL,TRUE
hxxp://bit[.]ly/2TpOpNS,TRUE
hxxp://edirneli[.]net/tr/logo[.]gif,TRUE
hxxp://185[.]244[.]30[.]4:6669,TRUE
hxxp://sevgikresi[.]net/logof[.]gif,TRUE
hxxp://natufarma[.]net/imagens/logof[.]gif,TRUE
hxxp://emrahkucukkapdan[.]com/img/button[.]gif,TRUE
hxxps://pastebin[.]com/raw/vnPLhhBH,TRUE
hxxp://autocarsalonmobil[.]com/wp-content/uploads/Internetsonline[.]txt,TRUE
hxxp://hidroservbistrita[.]ro/images/logo[.]gif,TRUE
hxxp://krupoonsak[.]com/logo[.]gif,TRUE
hxxp://snsoft[.]host-ed[.]me/images/logos[.]gif,TRUE
hxxp://gardapalace[.]it/logo[.]gif,TRUE
hxxp://mabdesign[.]unlugar[.]com/button[.]gif,TRUE
hxxp://nlcfoundation[.]org/images/xs[.]jpg,TRUE
hxxp://glamfromeast[.]com/image/logo[.]gif,TRUE
hxxp://datalinksol[.]com/logo[.]gif,TRUE
hxxp://babystophouse[.]com/images/logo[.]gif,TRUE
hxxp://68[.]168[.]222[.]206/logos[.]gif,TRUE
hxxps://185[.]216[.]35[.]10/3/L2KSUN[.]php,TRUE
hxxp://uzoclouds[.]eu/dutchz/dutchz[.]exe,TRUE
hxxp://posqit[.]net/TT/50590113[.]exe,TRUE
hxxp://bitly[.]ws/83FN,TRUE
hxxps://marsdefenseandscience[.]com/reports[.]zip,TRUE
hxxps://eabi7yab[.]appspot[.]com/app[.]php,TRUE
hxxps://eabi7yab[.]appspot[.]com/,TRUE
hxxps://sway[.]office[.]com/ggKC030OqLgA59rj?ref=Link,TRUE
hxxp://tidy-saiki-6718[.]deci[.]jp/MIY/MLY[.]exe,TRUE
hxxp://academydea[.]com/alhaji/Panel/five/fre[.]php,TRUE
hxxps://saltcitymktg[.]com/ssl/?0{at}=,TRUE
hxxp://tonpr[.]esy[.]es/hxxp/Office/SSL/Login/cmd-login=,TRUE
corona-masr21.com ,TRUE
netflixcovid19s.com ,TRUE
chasecovid19v.com ,TRUE
chasecovid19t.com ,TRUE
chasecovid19s.com ,TRUE
corona-masr2.com ,TRUE
chase7-covid.com ,TRUE
masry-corona51.com ,TRUE
corona-virusapps.com ,TRUE
coronavirus-realtime.com ,TRUE
covid-19-gov.claims ,TRUE
corona-virus-map.net ,TRUE
corona-map-data.com ,TRUE
coronavirus-apps.com ,TRUE
childcarecorona.com ,TRUE
impots-covid19.com ,TRUE
corona-apps.com ,TRUE
coronaviruscovid19-information.com ,TRUE
coronations.usa.cc,TRUE
corona-masr21.com,TRUE
chasecovid19s.com,TRUE
id-covid19.com,TRUE
corona-masr2.com,TRUE
uk-covid-19-relieve.com,TRUE
airbnb.id-covid19.com,TRUE
chase-covid19s.com,TRUE
covid-19-gov.com,TRUE
www.rogers-covid19.com,TRUE
unitedwayeocovid19.ca,TRUE
coronaviruscovid19-information.com,TRUE
netflixcovid19s.com,TRUE
covid19py.com,TRUE
againstcovid-19.com,TRUE
corona-virusapps.com,TRUE
corona-virus-map.net,TRUE
corona-map-data.com,TRUE
chase7-covid.com,TRUE
ubercoronavirusprotection.com,TRUE
centraideeocovid19.ca,TRUE
interacservcovid-19.com,TRUE
verizoncovid23.com,TRUE
19covid-gouv12.com,TRUE
securitycovid19info.com,TRUE
coronavirusgen.com,TRUE
masry-corona51.com,TRUE
coronavirus-mask.com,TRUE
verizoncovid-09.com,TRUE
www.uk-covid-19-relieve.com,TRUE
googlecoronavieus.com,TRUE
www.coronavirusalertapp.com,TRUE
business-facebook-covid19.com,TRUE
coronavirusalertapp.com,TRUE
corona-masr5.com,TRUE
covid-19-gov.claims,TRUE
masry-corona101.com,TRUE
masry-corona10.com,TRUE
corona-armored.com,TRUE
buycoronavirusfacemasks.com,TRUE
byebyecoronavirus.com,TRUE
www.corona-virus-map.net,TRUE
coronavirus.cc,TRUE
coronavirus-apps.com,TRUE
netflix-coronavirus.com,TRUE
childcarecorona.com,TRUE
covidmaskpro.com,TRUE
covid19i-ch4ase.com,TRUE
coronadimmeda.com,TRUE
coronaoughta.com,TRUE
www.business-facebook-covid19.com,TRUE
verizoncovid-18.com,TRUE
impots-covid19.com,TRUE
secure-accovid.com,TRUE
googlecoronaviru.com,TRUE
googlecoronaviras.com,TRUE
googlecoronavirys.com,TRUE
www.secure-accovid.com,TRUE
ww25.googlecoronaviras.com,TRUE
ww25.googlecoronaviru.com,TRUE
ww25.googlecoronavieus.com,TRUE
papafranciscovideos.com,TRUE
coronations.usa.cc,TRUE
www.coronavirus.cc,TRUE
http://o.splashmath.com/ls/click?upn=h2fowayy7zayawl4grkl1lazpuy6jduhwjwpwf0o2d,TRUE
https://www.frufc.net/who/files/61fe6624ec1fcc7cac629546fc9f25c3.php,TRUE
https://coronasdeflores.cl/who,TRUE
https://heinrichgrp.com/who/files/af1fd55c21fdb935bd71ead7acc353d7.php,TRUE
https://ee-cop.co.uk/who/files/3b9f575dac9cc432873f6165c9bed507.php,TRUE
smenenh.com,TRUE
hnciasok.com,TRUE
hnussoe.com,TRUE
gasdlkad.com,TRUE
adasdah.com,TRUE
adasbaha.com,TRUE
hnciasoa.com,TRUE
hoasdia.com,TRUE
www.aieov.com/setup.exe,TRUE
www.ktalents.com.my/wp-admin/images/Covid-19%20Check.exe,TRUE
5isohu.com/setup.exe,TRUE
ftp.lookmegarment.com,TRUE
getegroup.com/file.exe,TRUE
academydea.com/alhaji/Panel/five/fre.php,TRUE
mr-hex.ddnsking.com,TRUE
drive.google.com/uc?export=download&id=15SHNM45oBh2I6s3GaIoEDnPi3FcRKwfv,TRUE
is.gd/NGmMla,TRUE