domain,isBad
# COVID19 Cyber Threat Coalition blocklist | www.cyberthreatcoalition.org | IOCs has been vetted by humans with love <3
07q6zf664zv.mceco.co,TRUE
15mincovid19test.com,TRUE
15mintestcoronavirus.com,TRUE
19covid-gouv12.com,TRUE
1stcoronatest.com,TRUE,TRUE
1www-bankofamerica.com,TRUE
2020-coronavirus.ru,TRUE
2020-covid-19.com,TRUE
2020logs.duckdns.org,TRUE
360corona.com,TRUE
3m-istanbul.com,TRUE
464004iiq76.waxcapital.net,TRUE
a1team-covid19.com,TRUE
abccoronavirus.com,TRUE
abncoronaveiligomgeving.live,TRUE
abyezapharmaceuticals.com,TRUE
academydea.com,TRUE
acccorona.com,TRUE
account-id.apple-support.connect-get.verify-sessionid.new-gen.siapaygmausamayusicung.xyz,TRUE
accounts.google.com.secure-2.pw,TRUE
accounts.google.com.secure001.pw,TRUE
accounts.google.com.secure005.pw,TRUE
actionagainstcovid19.com,TRUE
adairguthriecountycovid.org,TRUE
adaminpomes.com,TRUE
aftercovid.com,TRUE
againstcovid-19.com,TRUE
ahf4ycvea439tt9rq.site,TRUE
aibertsons.com,TRUE
aicovid19.com,TRUE
airbnb.id-covid19.com,TRUE
aircovid19virus.com,TRUE
ajpharmaceutical.com,TRUE
akzentar.com,TRUE
alertacoronavirus.info,TRUE
alili2020.ddns.net,TRUE
all200.mireene.com,TRUE
alphacoronavirusvaccine.com,TRUE
annaasiansaftymedicalproducts.com,TRUE
annaasiatrading.com,TRUE
ansell-be.com,TRUE
anti-coronavirus.re,TRUE
anti-covid19.kz,TRUE
anticorona.club,TRUE
anticoronaproducts.com,TRUE
anticoronavirus-masks.com,TRUE
anticoronavirus.cl,TRUE
anticoronavirus.re,TRUE
anticoronavirussell.com,TRUE
anticovid-19.co.uk,TRUE
anticovid.xyz,TRUE
anticovid19supply.com,TRUE
anticovids19.com,TRUE
antivirus-covid19.site,TRUE
appannie.club,TRUE
appcoronavirus.cl,TRUE
apple.id.update-page.signin-service-support-cgi-bin-login-webscr.cmd-security-directory.locale.loginx-1e008e44a05ba05423b.oreidobocadillo.com,TRUE
appleid.apple.com.thmmygcah5phvc8bi78pihadh4iezdwtgx0z.tk.thmmygcah5phvc8bi78pihadh4iezdwtgx0z.tk,TRUE
appleid.apple.secure.com.thmmygcah5phvc8bi78pihadh4iezdwtgx0z.tk.thmmygcah5phvc8bi78pihadh4iezdwtgx0z.tk,TRUE
appple.com-id.service.manager.service-update-full-access-now-secure.fast-manager-id.798465798465794.sonexzircon.com,TRUE
approvedrefund-covid-19.com,TRUE
arealitylifestyle.com,TRUE
askcorona.com,TRUE
attorneyscovid19.com,TRUE
autocarsalonmobil.com,TRUE
autodiscover.bestcoronavirusprotect.tk,TRUE
autodiscover.corona-pharm.com,TRUE
autodiscover.coronavirus-maps.com,TRUE
autodiscover.coronavirus19.cl,TRUE
autodiscover.coronaviruspreventionmasks.com,TRUE
autodiscover.securitycovid19info.com,TRUE
auxilio-corona.info,TRUE
avast.com.pt.renovar.app-loginjps.cf,TRUE
avingroupllc.com,TRUE
ayyappantat.com,TRUE
azpharmacie.com,TRUE
babystophouse.com,TRUE
baohiemcovid-19.info,TRUE
baohiemcovid19.com,TRUE
baumerteam.com,TRUE
baumerteam.org,TRUE
beat-corona.com,TRUE
beatcovid19together.com,TRUE
beatingcorona.com,TRUE
beatingcoronavirus.com,TRUE
beforecovid.com,TRUE
behindcorona.com,TRUE
bell-covid19.com,TRUE
besafefromcovid.xyz,TRUE
bestcorona.com,TRUE
bestcoronavirusprotect.tk,TRUE
bestfacemaskinc.com,TRUE
besthunkarmedikal.com,TRUE
bestmaskscoronavirus.com,TRUE
betacoronavirusvaccine.com,TRUE
betcovid.com,TRUE
bgvfr.coronavirusaware.xyz,TRUE
bidencoronavirus.com,TRUE
bitcovid-3x.cc,TRUE
blog.coronavirus-live-updates.com,TRUE
bmy.hqoohoa.com,TRUE
bookdocument.ir,TRUE
botduke1.ug,TRUE
botnew.ug,TRUE
bralibuda.com,TRUE
brands.newst.dnsabr.com,TRUE
braskems.com,TRUE
brightparcel.com,TRUE
brinchil.xyz,TRUE
brochemed.com,TRUE
brooklyncoronavirus.net,TRUE
bsmedicalsag.com,TRUE
bur.vueleslie.com,TRUE
business-facebook-covid19.com,TRUE
business-resource-facebook-covid-19.com,TRUE
bustcovid19.com,TRUE
buycoronavirusfacemask.com,TRUE
buycoronavirusfacemasks.com,TRUE
buzzcorona.com,TRUE
bvbaalphaexport.com,TRUE
byebyecoronavirus.com,TRUE
byebyecovid.com,TRUE
c0vid19-map-infection.online,TRUE
cabusinessrecoveryaftercoronavirus.com,TRUE
canadacovid-19.ca,TRUE
caretocorona.xyz,TRUE
casecorona.fun,TRUE
causajustacoronavirus.com,TRUE
cdc-coronavirus.com,TRUE
cdc-gov.org,TRUE
cdchealth.org,TRUE
cdn.whatcoronavirus.com,TRUE
ceriterafightcovid19.com,TRUE
chamcompanyltd.com,TRUE
chase-covid19s.com,TRUE
chase7-covid.com,TRUE
chasecorona.com,TRUE
chasecovid19s.com,TRUE
chasecovid19t.com,TRUE
chasecovid19v.com,TRUE
cheapcorona.com,TRUE
cheapfacemasks.com,TRUE
childcarecorona.com,TRUE
chloroquine-coronavirus.com,TRUE
chloroquine-cureforcoronavirus.com,TRUE
clearcovid19virus.com,TRUE
clinicalibredecoronavirus.com,TRUE
cloud-security.ggpht.ml,TRUE
com-2018-nov-09-uk-bond-provider.business,TRUE
com-cgi-bin.info,TRUE
combatcorona.com,TRUE
compdate.my03.com,TRUE
confirme-fr-enligne.com,TRUE
connexion-intbv.com,TRUE
connexioninternational-bv.com,TRUE
conorgault.com,TRUE
contra-coronavirus.com,TRUE
contracovid19.josefhinach.com,TRUE
corona-antivirus.com,TRUE
corona-apps.com,TRUE
corona-armored.com,TRUE
corona-betaalpas-rabo.xyz,TRUE
corona-crisis.com,TRUE
corona-cure.rogerharrison.ca,TRUE
corona-defence.com,TRUE
corona-emergency.com,TRUE
corona-explained.com,TRUE
corona-fo4garena.xyz,TRUE
corona-iran.com,TRUE
corona-map-data.com,TRUE
corona-masr10.com,TRUE
corona-masr11.com,TRUE
corona-masr2.com,TRUE
corona-masr21.com,TRUE
corona-masr3.com,TRUE
corona-masr41.com,TRUE
corona-masr5.com,TRUE
corona-masr51.com,TRUE
corona-masr6.com,TRUE
corona-masr61.com,TRUE
corona-masr7.com,TRUE
corona-masr71.com,TRUE
corona-masr8.com,TRUE
corona-masr81.com,TRUE
corona-masr9.com,TRUE
corona-masr91.com,TRUE
corona-ratgeber.com,TRUE
corona-skins.fun,TRUE
corona-village.com,TRUE
corona-virus-by-zip.com,TRUE
corona-virus-map.com,TRUE
corona-virus-map.net,TRUE
corona-virus-map.org,TRUE
corona-virus-masks-sanitizers-gloves-supplies.com,TRUE
corona-virus-newz.com,TRUE
corona-virus-vaccine.com,TRUE
corona-virus.supplies,TRUE
corona-virus.tokyo,TRUE
corona-virus2019.us,TRUE
corona-virusapps.com,TRUE
corona-virusdeepclean.com,TRUE
corona-viruses.in,TRUE
corona-virussafetymasks.com,TRUE
corona.kpwashingtonresearch.org,TRUE
corona19.today,TRUE
corona19labtesting.com,TRUE
coronaa.club,TRUE
coronabit.cc,TRUE
coronabreath.com,TRUE
coronacarepacks.com,TRUE
coronacease.com,TRUE
coronachecklist.net,TRUE
coronacollection.com,TRUE
coronacovid19information.online,TRUE
coronacraft.cc,TRUE
coronadatabase.com,TRUE
coronadeathpool.com,TRUE
coronadetect.com,TRUE
coronadetection.com,TRUE
coronadimmeda.com,TRUE
coronadisruption.com,TRUE
coronadocreatives.com,TRUE
coronadrones.com,TRUE
coronaent.com.hk,TRUE
coronafall.com,TRUE
coronafighter.com,TRUE
coronafreejob.xyz,TRUE
coronahazmatsuits.com,TRUE
coronahp.com,TRUE
coronalert.org,TRUE
coronalympics2020.com,TRUE
coronamadrid.com,TRUE
coronamasktoday.com,TRUE
coronanorco.com,TRUE
coronanorcolaw.com,TRUE
coronanumbers.com,TRUE
coronaoughta.com,TRUE
coronapandemic.cc,TRUE
coronapanic.allgoodinthehub.com,TRUE
coronapayments.estrodev.com,TRUE
coronapedia.com,TRUE
coronapotion.com,TRUE
coronaprecaution.com,TRUE
coronasafetymask.tk,TRUE
coronasdeflores.cl,TRUE
coronaselfhelp.com,TRUE
coronaspecialtypharmacy.com,TRUE
coronastats.net,TRUE
coronastop28.com,TRUE
coronastopers.com,TRUE
coronastudies.digitalvizstudio.com,TRUE
coronasupplementpack.com,TRUE
coronasupplychain.com,TRUE
coronatec.com.br,TRUE
coronav1rus.ru,TRUE
coronavideo3.tk,TRUE
coronavirss.rest,TRUE
coronavirus-19.lv,TRUE
coronavirus-2020-news.site,TRUE
coronavirus-apps.com,TRUE
coronavirus-children-families-helping-n-disasters-nterrorism.com,TRUE
coronavirus-clean.com,TRUE
coronavirus-com.com,TRUE
coronavirus-control.ru,TRUE
coronavirus-covid-19-monitoring.ru,TRUE
coronavirus-covid-19.ru,TRUE
coronavirus-covid19-n95mask.com,TRUE
coronavirus-covid19-news.com,TRUE
coronavirus-cure.cc,TRUE
coronavirus-dr.cl,TRUE
coronavirus-facebook.cf,TRUE
coronavirus-fip.ru,TRUE
coronavirus-gov.in,TRUE
coronavirus-guidelines.online,TRUE
coronavirus-informations.online,TRUE
coronavirus-irvine.com,TRUE
coronavirus-latest-update.info,TRUE
coronavirus-live-update.com,TRUE
coronavirus-live-updates.com,TRUE
coronavirus-loans.com,TRUE
coronavirus-map.com,TRUE
coronavirus-mask.com,TRUE
coronavirus-pandemiya.ru,TRUE
coronavirus-realtime.com,TRUE
coronavirus-recession.com,TRUE
coronavirus-remotely.com,TRUE
coronavirus-total.ru,TRUE
coronavirus-treatment.xyz,TRUE
coronavirus-update.info,TRUE
coronavirus-updates.org,TRUE
coronavirus-usa2.asia,TRUE
coronavirus-vac.com,TRUE
coronavirus.ipueiras.ce.gov.br,TRUE
coronavirus.sixmasunderpressure.com,TRUE
coronavirus19disclosure.com,TRUE
coronavirus19news.com,TRUE
coronavirus19tests.com,TRUE
coronavirus2019.us,TRUE
coronavirus2020prevention.com,TRUE
coronavirus312.com,TRUE
coronavirusalertapp.com,TRUE
coronavirusanddentistry.com,TRUE
coronavirusapp.site,TRUE
coronavirusaware.xyz,TRUE
coronavirusbanking.com,TRUE
coronavirusbat.com,TRUE
coronavirusbusinessloans.com,TRUE
coronavirusbuyersguide.com,TRUE
coronaviruscenter.live,TRUE
coronavirusclassactioncom.com,TRUE
coronaviruscleaners.xyz,TRUE
coronaviruscleanup.xyz,TRUE
coronaviruscommunityassistance.com,TRUE
coronaviruscovid19-information.com,TRUE
coronaviruscovid19.ru,TRUE
coronaviruscure.news,TRUE
coronavirusdisinfectantsupply.com,TRUE
coronavirusdownload.com,TRUE
coronavirusdrivethroughtest.com,TRUE
coronavirusdrivethroughtesting.com,TRUE
coronavirusdrivethroughtests.com,TRUE
coronavirusdrug.net,TRUE
coronavirusfacemaskprotector.com,TRUE
coronavirusfactsandfears.com,TRUE
coronavirusgen.com,TRUE
coronavirusglobalimpact.rainbowgist.com,TRUE
coronavirusglobe.xyz,TRUE
coronavirusgovernmentrelief.com,TRUE
coronavirusgrocery.com,TRUE
coronavirusguide.xyz,TRUE
coronavirusgummy.com,TRUE
coronavirushealthnews.com,TRUE
coronavirushomeinternet.com,TRUE
coronavirusinfor.world,TRUE
coronavirusinuk.com,TRUE
coronaviruskingofbeers.com,TRUE
coronaviruslivequarantine.com,TRUE
coronavirusly.com,TRUE
coronavirusmedicalkit.com,TRUE
coronavirusmedicine.online,TRUE
coronavirusmusic.com,TRUE
coronavirusnaturaldefense.com,TRUE
coronavirusnewsfirst.xyz,TRUE
coronavirusnewsnetwork.com,TRUE
coronavirusnewsnnow.com,TRUE
coronavirusnow.cc,TRUE
coronaviruso.com,TRUE
coronavirusofficialnews.com,TRUE
coronavirusonlinecounselling.com,TRUE
coronavirusonooeir.luxciosoiop.com,TRUE
coronaviruspandemicessentials.com,TRUE
coronaviruspharma.com,TRUE
coronaviruspost.info,TRUE
coronavirusposter.com,TRUE
coronavirusposters.com,TRUE
coronaviruspregnancy.com,TRUE
coronavirusprepardness.xyz,TRUE
coronaviruspreppers.buzz,TRUE
coronaviruspreventioncenter.com,TRUE
coronaviruspreventionkits.com,TRUE
coronaviruspreventionproducts.com,TRUE
coronaviruspreventiontips.com,TRUE
coronavirusprhelp.com,TRUE
coronavirusproduct.buzz,TRUE
coronavirusprotective.com,TRUE
coronavirusprotectivewear.com,TRUE
coronavirusquarantined.com,TRUE
coronavirusradiologists.com,TRUE
coronaviruss.ir,TRUE
coronavirussoftware.xyz,TRUE
coronavirussos.com,TRUE
coronavirussuplements.com,TRUE
coronavirustalks.com,TRUE
coronavirustestguidelines.com,TRUE
coronavirustestkit.life,TRUE
coronavirustestkitamerica.com,TRUE
coronavirustestusa.com,TRUE
coronavirusuefa.com,TRUE
coronavirusupdatednews.com,TRUE
coronavirususainfo.com,TRUE
coronavirususanews.com,TRUE
coronaviruswalknewyork.com,TRUE
coronaviruswatchdog.org,TRUE
coronavirusweddinghelp.com,TRUE
coronavupdates.com,TRUE
coronavurusnewsnow.com,TRUE
corp1.site,TRUE
corp10.site,TRUE
corp11.site,TRUE
corp5.site,TRUE
corp6.site,TRUE
corp7.site,TRUE
corp8.site,TRUE
corp9.site,TRUE
cov-19.payment2020.estrodev.com,TRUE
cov19-payment.estrodev.com,TRUE
covid-19-business-continuity-epic-uk-limited.azurewebsites.net,TRUE
covid-19-global.com,TRUE
covid-19-gov.claims,TRUE
covid-19-gov.com,TRUE
covid-19-how-long-does-infection-last.biz,TRUE
covid-19-how-long-does-infection-last.net,TRUE
covid-19-map.ru,TRUE
covid-19-news.ru,TRUE
covid-19-uk-relieve.com,TRUE
covid-19-usa-physician-app.org,TRUE
covid-19.adara.com,TRUE
covid-19.bdtime.news,TRUE
covid-19.farm,TRUE
covid-19.management,TRUE
covid-19.xxx-wa.com,TRUE
covid-19comcast.com,TRUE
covid-19comcast.org,TRUE
covid-19donator.com,TRUE
covid-19donor.com,TRUE
covid-19effect.com,TRUE
covid-19emirates.pro,TRUE
covid-19facts.online,TRUE
covid-19health.care,TRUE
covid-19health.center,TRUE
covid-19health.expert,TRUE
covid-19health.solutions,TRUE
covid-19health.systems,TRUE
covid-19kit.store,TRUE
covid-19loan.com,TRUE
covid-19preventionproducts.store,TRUE
covid-19remote.work,TRUE
covid-19repellent.com,TRUE
covid-19telescreen.info,TRUE
covid-19test.co.nz,TRUE
covid-19test.london,TRUE
covid-19throatswab.com,TRUE
covid-19virushelp.com,TRUE
covid-9-teen.com,TRUE
covid.events,TRUE
covid.rocks,TRUE
covid0.org,TRUE
covid19-bot.com,TRUE
covid19-fg-grant.blogspot.com,TRUE
covid19-guidelines.com,TRUE
covid19-guidelines.online,TRUE
covid19-info.online,TRUE
covid19-koronavirus.ru,TRUE
covid19-osaka.info,TRUE
covid19-pandemic.org,TRUE
covid19-realtime.com,TRUE
covid19-services.com,TRUE
covid19-summit.email,TRUE
covid19-symptoms.com,TRUE
covid19-testing-us.com,TRUE
covid19.almairastudio.com,TRUE
covid19.cheap,TRUE
covid19.minsky.cc,TRUE
covid19alerts.net,TRUE
covid19bizhelp.com,TRUE
covid19cipalgerie.com,TRUE
covid19cleanup.com,TRUE
covid19disease.org,TRUE
covid19freejob.xyz,TRUE
covid19google.com,TRUE
covid19grantor.com,TRUE
covid19graph.work,TRUE
covid19hacks.com,TRUE
covid19health.expert,TRUE
covid19health.systems,TRUE
covid19health.technology,TRUE
covid19howlongdoesinfectionlast.net,TRUE
covid19i-ch4ase.com,TRUE
covid19info.live,TRUE
covid19intheus.org,TRUE
covid19jm.com,TRUE
covid19kar.org,TRUE
covid19ke.com,TRUE
covid19kit.online,TRUE
covid19log.com,TRUE
covid19mc.com,TRUE
covid19mx.xyz,TRUE
covid19news.cc,TRUE
covid19physicaltherapy.club,TRUE
covid19physicaltherapy.info,TRUE
covid19proof.com,TRUE
covid19py.com,TRUE
covid19quiz.com,TRUE
covid19response.fund,TRUE
covid19safejob.xyz,TRUE
covid19sars2v.ru,TRUE
covid19smallbusiness.com,TRUE
covid19sweden.com,TRUE
covid19talk.cc,TRUE
covid19testskit.com,TRUE
covid19tracker.cc,TRUE
covid19trackerbw.xyz,TRUE
covid19updates.org,TRUE
covid19vaccineusa.com,TRUE
covid19video.offroadpcservice.com,TRUE
covid19virusinformation.com,TRUE
covid19websitealert.com,TRUE
covid19zombie.com,TRUE
covidapp-19.site,TRUE
covidapp-19.space,TRUE
covidbestpractice.com,TRUE
covidbetaalpas.nl,TRUE
covidcookbook.com,TRUE
covidflix15.xyz,TRUE
covidflix19.xyz,TRUE
covidflix2.info,TRUE
covidflix20.xyz,TRUE
covidflix3.info,TRUE
covidflix5.info,TRUE
covidi9.ga,TRUE
covidi9.gq,TRUE
covidium.net,TRUE
covidkc.com,TRUE
covidmaskpro.com,TRUE
covidmutualaid.cc,TRUE
covidnewstoday.com,TRUE
covidpacke.site,TRUE
covidpackk.site,TRUE
covidrecovery.coach,TRUE
covidrecovery.computer,TRUE
covidrecovery.team,TRUE
covidtest.cc,TRUE
cpanel.bestcoronavirusprotect.tk,TRUE
cpanel.corona-virus-map.org,TRUE
cpanel.coronafundme.com,TRUE
cpanel.coronavirus-com.com,TRUE
cpanel.coronavirus-latest-update.info,TRUE
cpanel.coronavirus-live-update.com,TRUE
cpanel.coronavirus-maps.com,TRUE
cpanel.coronavirus-tee.com,TRUE
cpanel.coronavirus-update.info,TRUE
cpanel.coronaviruscenter.live,TRUE
cpanel.coronavirusnewsnetwork.com,TRUE
cpanel.coronaviruspreventionmasks.com,TRUE
cpanel.examencoronavirus.cl,TRUE
cpanel.n95coronavirusmaske.com,TRUE
cpanel.quehacerencuarentenaporcoronavirus.com,TRUE
cpanel.securitycovid19info.com,TRUE
cpcalendars.19covid-gouv12.com,TRUE
cpcalendars.amazon-support-service.dasarcoronagoblok.com,TRUE
cpcalendars.coronaknowledge.com,TRUE
cpcalendars.coronavirus-com.com,TRUE
cpcalendars.coronavirus-latest-update.info,TRUE
cpcalendars.coronavirus-live-update.com,TRUE
cpcalendars.coronaviruspreventiontips.com,TRUE
cpcalendars.covid-19.xxx-wa.com,TRUE
cpcalendars.covid19i-ch4ase.com,TRUE
cpcalendars.examencoronavirus.cl,TRUE
cpcalendars.impots-covid19.com,TRUE
cpcalendars.mapadocoronavirus.tk,TRUE
cpcalendars.maskyintegratedservicesltd.org,TRUE
cpcalendars.runescape-covid19.info,TRUE
cpcontacts.19covid-gouv12.com,TRUE
cpcontacts.amazon-support-service.dasarcoronagoblok.com,TRUE
cpcontacts.coronavirus-com.com,TRUE
cpcontacts.coronavirus-latest-update.info,TRUE
cpcontacts.coronavirus-live-update.com,TRUE
cpcontacts.coronavirus-products.com,TRUE
cpcontacts.coronavirus-tee.com,TRUE
cpcontacts.coronaviruspreventiontips.com,TRUE
cpcontacts.covid-19.xxx-wa.com,TRUE
cpcontacts.covid19i-ch4ase.com,TRUE
cpcontacts.examencoronavirus.cl,TRUE
cpcontacts.impots-covid19.com,TRUE
cpcontacts.mapadocoronavirus.tk,TRUE
cpcontacts.runescape-covid19.info,TRUE
crisiscovid19.com,TRUE
crphone.mireene.com,TRUE
crscovid19.com,TRUE
cscic.fundashonaltonpaas.org,TRUE
cust-support-check.coronaviruschina.ml,TRUE
daguia.com.mx,TRUE
dahlinperingab.uk,TRUE
datacovid.beritasepuluh.net,TRUE
datalinksol.com,TRUE
dating4free.us,TRUE
dating4sex.us,TRUE
deadlycovid19.com,TRUE
dentistbydemand.com,TRUE
desinfectantes-coronavirus.com,TRUE
desinfectercoronavirus.com,TRUE
detailsdepartment.up.stayhome-covid19.sherrielong.com,TRUE
dewakartu.info,TRUE
dewarejeki.info,TRUE
disinfectioncoronavirus.com,TRUE
distributionpointgroupllc.com,TRUE
dogogiaphat.com,TRUE
donaldtrumphascoronavirus.com,TRUE
dopconverion.ru,TRUE
drfvh.coronavirusaware.xyz,TRUE
drhuzaifa.com,TRUE
dw.adyboh.com,TRUE
dysoool.com,TRUE
easydatatransfercleansystemprofessional.duckdns.org,TRUE
easytogets.com,TRUE
ebay.com-itm-2014-club-car-precedent-golf-cart.arxze.top,TRUE
ebook.newscoronavirus.info,TRUE
edirneli.net,TRUE
ee-cop.co.uk,TRUE
efhygienebv.com,TRUE
eliteexportukltd.com,TRUE
email.gov.in.maildrive.email,TRUE
emergencyprotectivemask.com,TRUE
emrahkucukkapdan.com,TRUE
emsexpresscargo.com,TRUE
ent-covid19-gouv.info,TRUE
epidomacovid19.com,TRUE
erasmus-plius.tomasjs.com,TRUE
estudiomaskilio.net,TRUE
euromopy.tech,TRUE
eviayoghurt.com.au,TRUE
evolved.co.il,TRUE
examenadomiciliocoronavirus.cl,TRUE
examencoronavirus.cl,TRUE
exp100.strangled.net,TRUE
expertproject34.ru,TRUE
extrudedalluminum.com,TRUE
facebook.corona-virus-news.xyz,TRUE
facemask4u.com,TRUE
facemasksupply.org,TRUE
facemasksupplyuk.net,TRUE
fantom2020.myftp.org,TRUE
fcsuppliesltd.com,TRUE
feb.kkooppt.com,TRUE
fectedswunks-55.com,TRUE
ffpharmabv.com,TRUE
fiatechco.com,TRUE
fightvscorona.com,TRUE
figlidelcorona.com,TRUE
firstchoicesuppliesltd.com,TRUE
fmgdisposable.com,TRUE
footytube.top,TRUE
force-majeure-coronavirus.com,TRUE
formsfactor.com,TRUE
freecoronavirusoffer.com,TRUE
freetospeak.me,TRUE
frufacemasksupply.com,TRUE
ftp.testcoronavirus.shop,TRUE
fuckthecovid19.com,TRUE
fuly-lucky.com,TRUE
g4supplements.com.ua,TRUE
gardapalace.it,TRUE
genpharmaceuticals.com,TRUE
gerdua.com,TRUE
getegroup.com,TRUE
getrankeltd.com,TRUE
ggooglecoronavirus.com,TRUE
gioliofattura.xyz,TRUE
glamfromeast.com,TRUE
gocycle.com.au,TRUE
goldenlion.sg,TRUE
goodattack.duckdns.org,TRUE
googlecoornavirus.com,TRUE
googlecoranavirus.com,TRUE
googlecornavirus.com,TRUE
googlecornoavirus.com,TRUE
googlecoroanvirus.com,TRUE
googlecorobavirus.com,TRUE
googlecoronaavirus.com,TRUE
googlecoronavieus.com,TRUE
googlecoronaviras.com,TRUE
googlecoronavirrus.com,TRUE
googlecoronaviru.com,TRUE
googlecoronavirys.com,TRUE
googlecoronavitus.com,TRUE
googlecoronavrius.com,TRUE
googlecoronavrus.com,TRUE
googlecoronavurus.com,TRUE
googlecoronovirus.com,TRUE
googlecoronsvirus.com,TRUE
googlecoronvirus.com,TRUE
googlecorpnavirus.com,TRUE
googlecovid-19.ch,TRUE
googlecovid-19.co.kr,TRUE
googlecovid-19.com.br,TRUE
googlecovid-19.ro,TRUE
googlecovid19.dk,TRUE
googlecpronavirus.com,TRUE
googlecronavirus.com,TRUE
googlecroonavirus.com,TRUE
googlexoronavirus.com,TRUE
gouvref456216verifauthentification.com,TRUE
gov-ca-covid19.org,TRUE
gubg.pro,TRUE
hadji.com.my,TRUE
hb-bonusclaim.com,TRUE
healing-yui223.com,TRUE
healthconnectltd.com,TRUE
healthfirst-supply.com,TRUE
heinrichgrp.com,TRUE
helpcoronacare.com,TRUE
helpkoronavirus.ru,TRUE
helppreventcoronavirus.org,TRUE
hmrc-cov19.payment.estrodev.com,TRUE
hmrc-govupdate-covid-19.com,TRUE
hmrc.approvedrefund-covid-19.com,TRUE
hmrc.corona-pay.estrodev.com,TRUE
hmrc.gov.rebate-details.com,TRUE
hoosiercoronavirus.com,TRUE
hopewhilecorona.com,TRUE
hotelcoronaferrea.uchi1078.7artisan.net,TRUE
hrcorp1.site,TRUE
hstquarantine.xyz,TRUE
i-stopcoronavirus.com,TRUE
id-covid19.com,TRUE
ihracat.myq-see.com,TRUE
imbc.onthewifi.com,TRUE
impots-covid19.com,TRUE
informacion2-account.confirm--expired.maskimak.com,TRUE
instaboom-hello.site,TRUE
interacservcovid-19.com,TRUE
italycovid-19.site,TRUE
jandsharpdisposable.com,TRUE
jasonbeautyshop.com,TRUE
jasonscottpharmacy.com,TRUE
jayalbertandassociates.com,TRUE
jira-lhost.com,TRUE
jkagro.com,TRUE
jmable.mireene.com,TRUE
jmdesign.mireene.com,TRUE
jocoly.esvnpe.com,TRUE
jsholdingbv.com,TRUE
kampcbation.info,TRUE
karta-coronavirusa.online,TRUE
kbfvzoboss.bid,TRUE
keylock.ad.estrodev.com,TRUE
ki-medicalsgmbh.com,TRUE
kolamana.com,TRUE
korona-1.gq,TRUE
korona.augustow.pl.ela-travel.sldc.pl,TRUE
koronavirus-covid19.com,TRUE
koronavirus-live.ru,TRUE
koronavirus-msk.ru,TRUE
koronavirus-spb.ru,TRUE
koronaviruscovid-19.ru,TRUE
koronavirusz.ru,TRUE
krt1.site,TRUE
krt2.site,TRUE
krupoonsak.com,TRUE
ksmaskfastigheterab.com,TRUE
laciewinking.com,TRUE
lamourautempsducorona.cc,TRUE
legadoforumcidadao.org,TRUE
letsfightcoronavirus.com,TRUE
libjs.inquirerjs.com,TRUE
lluhpicucovid19hub.net,TRUE
lluhpicucovid19hub.org,TRUE
lngdesk-quarantaine.info,TRUE
login.microsoftonline.com.common.co.client-id-s1o2ff-10002-0ff1.com,TRUE
login.microsoftonline.com.common.hi.client-id-s1o2ff-10002-0ff1.com,TRUE
login.unicef.org.adfs.ls.oauth2.client-id-s1o2ff-10002-0ff1.com,TRUE
loveinthetimeofcovid-19.com,TRUE
m.topiccore.com,TRUE
m0bile.net,TRUE
magbiosolutions.com,TRUE
mail.bestcoronavirusprotect.tk,TRUE
mail.corona-virus-map.org,TRUE
mail.corona-virus-vaccine.com,TRUE
mail.coronafundme.com,TRUE
mail.coronainsider.com,TRUE
mail.coronasbaloan.com,TRUE
mail.coronavirus-com.com,TRUE
mail.coronavirus-latest-update.info,TRUE
mail.coronavirus-live-update.com,TRUE
mail.coronavirus-maps.com,TRUE
mail.coronavirus-update.info,TRUE
mail.coronavirus1.icu,TRUE
mail.coronavirus19.cl,TRUE
mail.coronavirusaware.xyz,TRUE
mail.coronaviruscenter.live,TRUE
mail.coronavirusnewsnetwork.com,TRUE
mail.coronavirususanews.com,TRUE
mail.eagleeyeapparels.com,TRUE
mail.examencoronavirus.cl,TRUE
mail.mapadocoronavirus.tk,TRUE
mail.n95coronavirusmaske.com,TRUE
mail.securitycovid19info.com,TRUE
manjongtrading.co.za,TRUE
mapadocoronavirus.com,TRUE
marchadvertisingnetwork10.com,TRUE
marchadvertisingnetwork4.com,TRUE
marchadvertisingnetwork5.com,TRUE
marchadvertisingnetwork6.com,TRUE
marchadvertisingnetwork7.com,TRUE
marchadvertisingnetwork8.com,TRUE
marchadvertisingnetwork9.com,TRUE
marsdefenseandscience.com,TRUE
mask-online.xyz,TRUE
mask-redcross.site,TRUE
maskimak.com,TRUE
masksglobal.com,TRUE
masry-corona.com,TRUE
masry-corona10.com,TRUE
masry-corona101.com,TRUE
masry-corona2.com,TRUE
masry-corona21.com,TRUE
masry-corona3.com,TRUE
masry-corona4.com,TRUE
masry-corona41.com,TRUE
masry-corona5.com,TRUE
masry-corona51.com,TRUE
masry-corona8.com,TRUE
masry-corona9.com,TRUE
mavironsupplies.com,TRUE
mbhydro-covid19.com,TRUE
medicalsupplies2u.com,TRUE
medicatedequipments.com,TRUE
medicopharmaceutical.com,TRUE
medilinesurgicalsupplies.com,TRUE
medmaski-besplatno-vsem.ru,TRUE
medsurgicalmask.com,TRUE
mersrekdocuments.ir,TRUE
motivation.neighboring.site,TRUE
msdtcupdate.com,TRUE
mukdamarketltd.com,TRUE
mybobo.mygamesonline.org,TRUE
mycoronapatch.com,TRUE
mykipay.com,TRUE
n95coronavirusmaske.com,TRUE
nacerentiemposdelcoronavirus.com,TRUE
nanoiumens.com,TRUE
natufarma.net,TRUE
neftlix-covid19-promocion.com,TRUE
netcoronavirusu.ru,TRUE
netflix-coronavirus.com,TRUE
netflixcovid19s.com,TRUE
new-coronavirusmask.com,TRUE
new.915yzt.cn,TRUE
newbot.ug,TRUE
newskoronavirus.ru,TRUE
nexoservicesou.com,TRUE
nhpurumy.mireene.com,TRUE
nlcfoundation.org,TRUE
nocoronafor.me,TRUE
nocoronavirus.info,TRUE
noithatgoocchoav.com,TRUE
normalityforcovid-19.com,TRUE
norulless.com,TRUE
notmsg.smvm.xyz,TRUE
novelcoronavirus.cc,TRUE
novelcoronavirusnews.xyz,TRUE
nyccovid19lawyer.com,TRUE
nyscovid19challenge.com,TRUE
o-coronavirus.ru,TRUE
ohk-haiash.com,TRUE
onlinepreneur.id,TRUE
onthefx.com,TRUE
orblog.mireene.com,TRUE
otaplast.no,TRUE
pagamentodelordinenumero.online,TRUE
page.notify-uscourts.online,TRUE
palzet1-bg.site,TRUE
palzet1.site,TRUE
pandemiyacoronavirus.ru,TRUE
parismomes.fr,TRUE
paypal.com-us.cgi-bin-webscr-cmd.login-submit-dispatch.q5g5qa4h5szgmsgjqhsg4a54hq45hhg1szg4a4aq1g25q4a12jh254h1e5q1.revspecial.ee,TRUE
paypal.com.cgi-bin-webscr.cmd-login-submit.dispatch.6785d80a13c0dbe.f879b5c2a4f6b3d0b6.85d80a13c0dbd80a1c0db1f8.salcalifornia.com,TRUE
paypal.com.cgi-bin-webscr.cmd-loginsubmit.dispatch-5885d80a13c0db1f8e263663d3faee8d0b7e678a55b8964d.prehrana-tuli.si,TRUE
paypaluk-coronavirussupport.com,TRUE
peacelist.ignorelist.com,TRUE
perelouis.fr,TRUE
perfectdating.us,TRUE
pescaturismocorona.it,TRUE
petronnascanada.com,TRUE
phantom101.duckdns.org,TRUE
pharmacymedicpledge.com,TRUE
pharmadrugdirect.com,TRUE
pharmglobalmeds.com,TRUE
phirayapanjaphandon.com,TRUE
play.google.com.jijiutlek.club,TRUE
play.google.com.leserdefera.club,TRUE
playbig-fr.com,TRUE
plusurgicalmask.com,TRUE
pomoshcovid19.ru,TRUE
posqit.net,TRUE
prathameshbroadband.net,TRUE
prevenciondelcoronavirus.com,TRUE
preventcoronavirus19.com,TRUE
preventfromcorona.com,TRUE
primecaviar.com,TRUE
privatemedicinessupplies.com,TRUE
promo-covid19-neftlix.ml,TRUE
quarantainezone-homebanking.online,TRUE
quarantine-digipass.website,TRUE
quarantine.cc,TRUE
quehacerencuarentenaporcoronavirus.com,TRUE
quicktestcoronavirus.com,TRUE
rafimedicalfacemask.com,TRUE
recoverrryasitalycovid-19.xyz,TRUE
redditdating.us,TRUE
rekenjura.com,TRUE
riddoffcovid19.xyz,TRUE
rightblinds.net,TRUE
ristracoronagraphs.online,TRUE
rmagent.xyz,TRUE
rogers-covid19.com,TRUE
rosemarie-urquico.com,TRUE
royalmedicpharma.com,TRUE
ru.mst.dns-cloud.net,TRUE
runescape-covid19.info,TRUE
russia-coronavirus.ru,TRUE
safecovid.com,TRUE
safefromcovid-19.com,TRUE
safpalideal.com,TRUE
saltcitymktg.com,TRUE
samedaycoronavirustesting.com,TRUE
santisukkhlongchringmask.com,TRUE
sbacoronavirusloanassistance.com,TRUE
schweizer.com.au,TRUE
seasons444.ddns.net,TRUE
secure-account-covid2020.com,TRUE
secure-accovid.com,TRUE
securitycovid19.online,TRUE
securitycovid19info.com,TRUE
sercovid.fun,TRUE
servicos.covid19eu.pt,TRUE
sevgikresi.net,TRUE
sgmedia.mireene.com,TRUE
shahbazewatan.com,TRUE
show1.website,TRUE
sicurezza-covid19.com,TRUE
signin.coinbase.com.secure5.pw,TRUE
site-inspection.com,TRUE
southhillspros.com,TRUE
splscopepharma.com,TRUE
sso.united.un.org.adfs.ls.oauth2.client-id-s1o2ff-10002-0ff1.com,TRUE
starilionpla.website,TRUE
staysafecovid19.xyz,TRUE
stop-coronavirus-foundation.org,TRUE
stop-coronavirus.info,TRUE
stopcorona-virus.com,TRUE
stornocovid-19.pw,TRUE
sts.ifrc.org.adfs.ls.oauth2.client-id-s1o2ff-10002-0ff1.com,TRUE
subvention-gouv-ca.org,TRUE
surgical-facemasks.com,TRUE
surgicalface-mask.com,TRUE
surgicalfacemaskstore.com,TRUE
surveuvcoronavirus.us,TRUE
survivecoronavirus.org,TRUE
sylvitexspzoo.com,TRUE
t.zer2.com,TRUE
tajudeenfacemask.com,TRUE
tealex.it,TRUE
tempinfo.96.lt,TRUE
terminixcovid19.com,TRUE
testathomecoronavirus.com,TRUE
testcoronavirus.shop,TRUE
testcovid-19.cl,TRUE
testcovid.online,TRUE
testing0.site,TRUE
thaiglobalshippingcompany.com,TRUE
thankscorona.com,TRUE
thankscoronavirus.com,TRUE
thecoronaviruskiller.com,TRUE
thecoronaviruslive.info,TRUE
theglobalcoronavirus.com,TRUE
thejbdcbnmtrhhr.com,TRUE
thetestkitcoronavirus.com,TRUE
thumbeks.com,TRUE
tidy-saiki-6718.deci.jp,TRUE
tkmeddisposable.com,TRUE
toyswithpizzazz.com.au,TRUE
trackcorona.net,TRUE
transportesmartina.cl,TRUE
trenv.coronavideo3.tk,TRUE
truelifemedicare.com,TRUE
trustedcovid19.info,TRUE
ubercontraocovid-19.com.br,TRUE
ubercoronavirusprotection.com,TRUE
uberdoctorcoronavirus.com,TRUE
ubermasks.com,TRUE
uelcontracoronavirus.com,TRUE
uk-covid-19-relieve.com,TRUE
ukcrisis-alerts.com,TRUE
ultimatedentalreport.com,TRUE
unitedwaycovid19fund.com,TRUE
unmasklaws.com,TRUE
update-covid19.com,TRUE
urbanandruraldesign.com.au,TRUE
url4510.cdchealth.org,TRUE
uscoronafacts.com,TRUE
ux6p.strangled.net,TRUE
uzoclouds.eu,TRUE
vaccincorona.com,TRUE
vaccine-coronavirus.com,TRUE
vastyhealthcarefoundation.com,TRUE
verificationaccoundetailsforcorona.iniciaapp.com,TRUE
verizoncovid-09.com,TRUE
verizoncovid-11.com,TRUE
verizoncovid-12.com,TRUE
verizoncovid-18.com,TRUE
verizoncovid-19.com,TRUE
verizoncovid23.com,TRUE
viabcp-covid19.xyz,TRUE
viagracorona.com,TRUE
vietnam.zing.photos,TRUE
villedefrancecovid19.online,TRUE
viphostindustries.info,TRUE
viralmask.qapplefashion.com,TRUE
virys-covid19.ru,TRUE
vitlescaux.com,TRUE
vnext.mireene.com,TRUE
warcorona.com,TRUE
waroncorona.com,TRUE
watchcorona.com,TRUE
webdisk.asapcoronavirus.com,TRUE
webdisk.bestcoronavirusprotect.tk,TRUE
webdisk.coronabrightside.com,TRUE
webdisk.coronafundme.com,TRUE
webdisk.coronavirus-com.com,TRUE
webdisk.coronavirus-latest-update.info,TRUE
webdisk.coronavirus-live-update.com,TRUE
webdisk.coronavirus-maps.com,TRUE
webdisk.coronavirus-update.info,TRUE
webdisk.coronavirus19.cl,TRUE
webdisk.coronavirusen.com,TRUE
webdisk.coronavirusmaskreview.com,TRUE
webdisk.coronavirusnewsnetwork.com,TRUE
webdisk.coronavirususanews.com,TRUE
webdisk.examencoronavirus.cl,TRUE
webdisk.n95coronavirusmaske.com,TRUE
webdisk.securitycovid19info.com,TRUE
webmail.accounts.google.com.secure-2.pw,TRUE
webmail.accounts.google.com.secure005.pw,TRUE
webmail.bestcoronavirusprotect.tk,TRUE
webmail.commonsenseandcoronavirus.com,TRUE
webmail.corona-virus-vaccine.com,TRUE
webmail.coronaherbalmask.com,TRUE
webmail.coronavirus-com.com,TRUE
webmail.coronavirus-latest-update.info,TRUE
webmail.coronavirus-live-update.com,TRUE
webmail.coronavirus-maps.com,TRUE
webmail.coronavirus-update.info,TRUE
webmail.coronaviruscenter.live,TRUE
webmail.coronaviruscovid19.cl,TRUE
webmail.coronavirusnewsnetwork.com,TRUE
webmail.coronaviruspreventionmasks.com,TRUE
webmail.coronavirususanews.com,TRUE
webmail.examencoronavirus.cl,TRUE
webmail.n95coronavirusmaske.com,TRUE
webmail.optusnet.com.au.optusreward.pw,TRUE
webmail.securitycovid19info.com,TRUE
webmail.signin.coinbase.com.secure5.pw,TRUE
westcoasttelemetry.com,TRUE
whatcoronavirus.com,TRUE
whm.coronavirusrelief.net,TRUE
who-coronavirus.com,TRUE
wholesalebeadsltd.com,TRUE
wind.windmilldrops.com,TRUE
wintexgroup-cn.com,TRUE
worldcoronavirus.net,TRUE
wsmgmbh.net,TRUE
wusameetings.tk,TRUE
ww25.googlecoronavieus.com,TRUE
ww25.googlecoronaviras.com,TRUE
ww25.googlecoronaviru.com,TRUE
www-bcpzonasegurabeta.viabcp-covid19.xyz,TRUE
www.19covid-gouv12.com,TRUE
www.accounts.google.com.secure-2.pw,TRUE
www.accounts.google.com.secure005.pw,TRUE
www.adairguthriecountycovid.org,TRUE
www.anticoronaproducts.com,TRUE
www.anticoronavirus-masks.com,TRUE
www.apple.id.update-page.signin-service-support-cgi-bin-login-webscr.cmd-security-directory.locale.loginx-1e008e44a05ba05423b.oreidobocadillo.com,TRUE
www.appple.com-id.service.manager.service-update-full-access-now-secure.fast-manager-id.798465798465794.sonexzircon.com,TRUE
www.ashgroveaccountant.com.au,TRUE
www.bcorona.com,TRUE
www.beatingcoronavirus.com,TRUE
www.bell-covid19.com,TRUE
www.besafefromcovid.xyz,TRUE
www.bestcoronavirusprotect.tk,TRUE
www.bgvfr.coronavirusaware.xyz,TRUE
www.blog.coronavirus-live-updates.com,TRUE
www.brightparcel.com,TRUE
www.business-facebook-covid19.com,TRUE
www.byebyecoronavirus.com,TRUE
www.cajasyempaquesdecolombia.com,TRUE
www.chase-covid19s.com,TRUE
www.chasecovid19t.com,TRUE
www.contracovid19.josefhinach.com,TRUE
www.corona-explained.com,TRUE
www.corona-masr3.com,TRUE
www.corona-virus-map.net,TRUE
www.corona-virus-masks-sanitizers-gloves-supplies.com,TRUE
www.corona-virus-vaccine.com,TRUE
www.corona115.com,TRUE
www.coronaent.com.hk,TRUE
www.coronafundme.com,TRUE
www.coronakenya.com,TRUE
www.coronapanic.allgoodinthehub.com,TRUE
www.coronatec.com.br,TRUE
www.coronavirus-ai.com,TRUE
www.coronavirus-com.com,TRUE
www.coronavirus-latest-update.info,TRUE
www.coronavirus-live-update.com,TRUE
www.coronavirus-live-updates.com,TRUE
www.coronavirus-maps.com,TRUE
www.coronavirus-updates.org,TRUE
www.coronavirus.cc,TRUE
www.coronavirus.h28.ro,TRUE
www.coronavirus.pdstudio.dev,TRUE
www.coronavirus312.com,TRUE
www.coronavirusalertapp.com,TRUE
www.coronavirusaware.xyz,TRUE
www.coronaviruscovid19-information.com,TRUE
www.coronaviruscovid19.cl,TRUE
www.coronavirusdrivethroughtest.com,TRUE
www.coronavirusdrivethroughtesting.com,TRUE
www.coronavirusdrivethroughtests.com,TRUE
www.coronavirusecuador.com,TRUE
www.coronavirusencordoba.com,TRUE
www.coronavirushealthnews.com,TRUE
www.coronaviruspreventionmasks.com,TRUE
www.coronavirusprotective.com,TRUE
www.coronavirusrefugee.com,TRUE
www.coronavirusymptoms.com,TRUE
www.covid-19-gov.claims,TRUE
www.covid-19-uk-relieve.com,TRUE
www.covid-19repellent.com,TRUE
www.covid19-info.online,TRUE
www.covid19.ekhsan.com,TRUE
www.covid19.naver.com-ico.pw,TRUE
www.covid19i-ch4ase.com,TRUE
www.covid19ke.com,TRUE
www.covid19news.cc,TRUE
www.covid19situations.com,TRUE
www.covid19video.offroadpcservice.com,TRUE
www.covidbetaalpas.nl,TRUE
www.dogogiaphat.com,TRUE
www.drfvh.coronavirusaware.xyz,TRUE
www.ebook.newscoronavirus.info,TRUE
www.eussdvm.us,TRUE
www.examencoronavirus.cl,TRUE
www.fightcorona-virus.com,TRUE
www.fuckthecovid19.com,TRUE
www.golfcoronado.com,TRUE
www.govaj.com,TRUE
www.hb-bonusclaim.com,TRUE
www.hmrc-cov19.payment.estrodev.com,TRUE
www.hostalroquetes.com,TRUE
www.hotelcoronaferrea.uchi1078.7artisan.net,TRUE
www.interacservcovid-19.com,TRUE
www.login.microsoftonline.com.common.co.client-id-s1o2ff-10002-0ff1.com,TRUE
www.login.microsoftonline.com.common.hi.client-id-s1o2ff-10002-0ff1.com,TRUE
www.login.unicef.org.adfs.ls.oauth2.client-id-s1o2ff-10002-0ff1.com,TRUE
www.lovetravelcorona.com,TRUE
www.mandapsoflondon.co.uk,TRUE
www.mon-compte-impots.gouv-remboursement.u549553bew.ha004.t.justns.ru,TRUE
www.montgomeryfoodconsulting.com,TRUE
www.n95coronavirusmaske.com,TRUE
www.netflixcovid19s.com,TRUE
www.notcoronavirusnews.com,TRUE
www.novelcoronavirustestingkit.com,TRUE
www.paypal.com--l--l--l--l--l--l--l--l--verification--l--l--l--l--l--l.americanbottle.com,TRUE
www.paypal.com-us.cgi-bin-webscr-cmd.login-submit-dispatch.q5g5qa4h5szgmsgjqhsg4a54hq45hhg1szg4a4aq1g25q4a12jh254h1e5q1.revspecial.ee,TRUE
www.paypal.com.cgi-bin-webscr.cmd-loginsubmit.dispatch-5885d80a13c0db1f8e263663d3faee8d0b7e678a55b8964d.prehrana-tuli.si,TRUE
www.paypal.com.login.cgi-bin.williamsfarm.net,TRUE
www.planejaragro.com.br,TRUE
www.playbig-fr.com,TRUE
www.promo-covid19-neftlix.ml,TRUE
www.qislova.com,TRUE
www.rogers-covid19.com,TRUE
www.runescape-covid19.info,TRUE
www.schooluniformtrading.com.au,TRUE
www.secure-accovid.com,TRUE
www.securitycovid19.online,TRUE
www.securitycovid19info.com,TRUE
www.shriharimachinery.com,TRUE
www.sicurezza-covid19.com,TRUE
www.signin.coinbase.com.secure5.pw,TRUE
www.sso.united.un.org.adfs.ls.oauth2.client-id-s1o2ff-10002-0ff1.com,TRUE
www.stop-coronavirus-foundation.org,TRUE
www.sts.ifrc.org.adfs.ls.oauth2.client-id-s1o2ff-10002-0ff1.com,TRUE
www.tempinfo.96.lt,TRUE
www.thecoronaviruslive.info,TRUE
www.ubercontraocovid-19.com.br,TRUE
www.uk-covid-19-relieve.com,TRUE
www.ukcrisis-alerts.com,TRUE
www.verificationaccoundetailsforcorona.iniciaapp.com,TRUE
www.verizoncovid-11.com,TRUE
wwwgooglecoronavirus.com,TRUE
wy.adyboh.com,TRUE
xn--coronavirs-codiv19-u6b.club,TRUE
xn--covid-19opplring-5ob.com,TRUE
xn--covid19-gncelsalgnvakalar-nwc35l.com,TRUE
yourcoronavirustest.com,TRUE
zagnapol-pl.com,TRUE
zemaproductsource.com,TRUE
zendesk-covid.com,TRUE
zendesk-covid19.com,TRUE
zendesk-covid19.net,TRUE
zendesk-covid19.org,TRUE
zeroolstarnow.com,TRUE